model_name,trial_number,status,objective_rmse,cv_mae,cv_r2,cv_composite,duration_seconds,hyperparameters,error_message
Ridge,0,ok,6.56664464851346,4.925767370342174,0.829511247379288,0.8282881735330051,0.020883600001980085,"{""alpha"": 0.017670169402947963, ""fit_intercept"": true, ""solver"": ""auto""}",
Ridge,1,ok,35.988190100997485,35.36935087289837,-4.120518582679592,-1.2442125958150556,0.026837299999897368,"{""alpha"": 15.741890047456648, ""fit_intercept"": false, ""solver"": ""svd""}",
Ridge,2,ok,35.943621354309606,35.33970460264915,-4.109119533311953,-1.2399959732069032,0.020044199998665135,"{""alpha"": 0.0012329623163659848, ""fit_intercept"": false, ""solver"": ""lsqr""}",
Ridge,3,ok,35.94239972574104,35.33954139709125,-4.108854334829249,-1.2398982389476045,0.026318399999581743,"{""alpha"": 0.0006870101665590031, ""fit_intercept"": false, ""solver"": ""svd""}",
Ridge,4,ok,35.94141598693635,35.33783389239011,-4.1083758439839375,-1.2397311527383412,0.019543799993698485,"{""alpha"": 0.35849855803404745, ""fit_intercept"": false, ""solver"": ""lsqr""}",
Ridge,5,ok,6.601654926711743,4.9701973027294715,0.8277600609332099,0.8270173872625302,0.020774299999175128,"{""alpha"": 7.085721663941605, ""fit_intercept"": true, ""solver"": ""auto""}",
Ridge,6,ok,6.566768301259756,4.925951176834766,0.8295048459794672,0.828283468455729,0.019815800005744677,"{""alpha"": 0.00016081669283634674, ""fit_intercept"": true, ""solver"": ""auto""}",
Ridge,7,ok,6.566760163774444,4.925939325347661,0.8295052671196854,0.828283776671652,0.02143630000500707,"{""alpha"": 0.0012856617791467942, ""fit_intercept"": true, ""solver"": ""auto""}",
Ridge,8,ok,6.567940944802894,4.926800444719011,0.829444639515328,0.8282440479714377,0.02306269999826327,"{""alpha"": 0.0003395900933162753, ""fit_intercept"": true, ""solver"": ""lsqr""}",
Ridge,9,ok,35.94364420557058,35.33975561963494,-4.109123044582667,-1.2399976375106532,0.022083600000769366,"{""alpha"": 0.013820379228637011, ""fit_intercept"": false, ""solver"": ""lsqr""}",
Ridge,10,ok,6.5660372475332665,4.924713178579554,0.8295427776093085,0.8283121660049751,0.020831100002396852,"{""alpha"": 0.12077586104401107, ""fit_intercept"": true, ""solver"": ""cholesky""}",
Ridge,11,ok,6.566059206966392,4.924757094845421,0.8295416342548332,0.8283112647838212,0.02232930000172928,"{""alpha"": 0.11638794733972326, ""fit_intercept"": true, ""solver"": ""cholesky""}",
Ridge,12,ok,6.565121893012187,4.921850515336333,0.8295923736848053,0.8283561436137747,0.02194710000185296,"{""alpha"": 0.6317057120118519, ""fit_intercept"": true, ""solver"": ""cholesky""}",
Ridge,13,ok,6.565205091920044,4.921557965272155,0.8295887414425668,0.8283555315881661,0.02094040000520181,"{""alpha"": 0.7282431692574428, ""fit_intercept"": true, ""solver"": ""cholesky""}",
Ridge,14,ok,6.566693105947138,4.921432171192027,0.8295170165808544,0.8283137099083593,0.020663499999500345,"{""alpha"": 1.3289371849717955, ""fit_intercept"": true, ""solver"": ""cholesky""}",
Ridge,15,ok,6.566909025505564,4.921624642374275,0.8295064485455382,0.8283064028319795,0.020999300002586097,"{""alpha"": 1.3895690672860135, ""fit_intercept"": true, ""solver"": ""cholesky""}",
Ridge,16,ok,6.574477716612326,4.932426687016988,0.8291316517101416,0.8280260512638777,0.022180100000696257,"{""alpha"": 2.9521382870418718, ""fit_intercept"": true, ""solver"": ""cholesky""}",
Ridge,17,ok,6.947513450005168,5.339424353908152,0.8094248988543278,0.8145465665220327,0.02027819999784697,"{""alpha"": 95.32409721039356, ""fit_intercept"": true, ""solver"": ""cholesky""}",
Ridge,18,ok,6.566673037968999,4.925810293819772,0.8295097772921457,0.8282870890908353,0.02100090000021737,"{""alpha"": 0.01356903337049577, ""fit_intercept"": true, ""solver"": ""cholesky""}",
Ridge,19,ok,6.858417639937537,5.2572034793134055,0.814256872692102,0.8177189100035537,0.02196679999906337,"{""alpha"": 58.93897403984335, ""fit_intercept"": true, ""solver"": ""cholesky""}",
Ridge,20,ok,6.565154942956008,4.921703302522014,0.8295909815813758,0.8283560908464629,0.027345700000296347,"{""alpha"": 0.6784710101870518, ""fit_intercept"": true, ""solver"": ""svd""}",
Ridge,21,ok,6.565162255015141,4.92261709647652,0.829589111578211,0.8283502644671203,0.025510200001008343,"{""alpha"": 0.43113037272149507, ""fit_intercept"": true, ""solver"": ""svd""}",
Ridge,22,ok,6.565402330642106,4.923310306753185,0.8295760927132421,0.8283390522673635,0.024851000001945067,"{""alpha"": 0.29372375748700197, ""fit_intercept"": true, ""solver"": ""svd""}",
Ridge,23,ok,6.566521205318798,4.925575297934483,0.8295176425924415,0.8282929204898049,0.026673499996832106,"{""alpha"": 0.03611372555077309, ""fit_intercept"": true, ""solver"": ""svd""}",
Ridge,24,ok,6.589347070848573,4.953510594548245,0.8283846750405146,0.8274728570770762,0.02503469999646768,"{""alpha"": 5.315877815030792, ""fit_intercept"": true, ""solver"": ""svd""}",
Ridge,25,ok,6.686099563762356,5.078291240080094,0.8233979030146541,0.823905516413366,0.026617499999701977,"{""alpha"": 19.29084947997149, ""fit_intercept"": true, ""solver"": ""svd""}",
Ridge,26,ok,35.94331781161315,35.34078745102358,-4.1090203262725415,-1.2399680413557224,0.027788699997472577,"{""alpha"": 0.3468412577752351, ""fit_intercept"": false, ""solver"": ""svd""}",
Ridge,27,ok,6.566371548043852,4.925329270629196,0.8295254032383603,0.8282987520877667,0.02813179999793647,"{""alpha"": 0.0599591814947472, ""fit_intercept"": true, ""solver"": ""svd""}",
Ridge,28,ok,6.570305284562524,4.926403509718273,0.8293390009618176,0.8281812077599484,0.027133199997479096,"{""alpha"": 2.1682825939247787, ""fit_intercept"": true, ""solver"": ""svd""}",
Ridge,29,ok,6.566726996860206,4.925890673352487,0.8295069837952027,0.8282850349221309,0.023777300004439894,"{""alpha"": 0.0059092539750862216, ""fit_intercept"": true, ""solver"": ""svd""}",
ElasticNet,0,ok,6.5659048097094415,4.918288945611505,0.8295478330985263,0.8283518441621958,0.06630120000045281,"{""alpha"": 0.0074593432857265485, ""fit_intercept"": true, ""l1_ratio"": 0.9056428757689245}",
ElasticNet,1,ok,35.943550011934974,35.341064944561325,-4.109066217272891,-1.2399866555503605,0.48388400000112597,"{""alpha"": 0.0006026889128682511, ""fit_intercept"": false, ""l1_ratio"": 0.19039506830258235}",
ElasticNet,2,ok,36.024186932026566,35.37853406028032,-4.130227864117064,-1.2476856310846183,0.12247760000173002,"{""alpha"": 0.10129197956845731, ""fit_intercept"": false, ""l1_ratio"": 0.6872653200164409}",
ElasticNet,3,ok,36.29185695716545,35.394036158182345,-4.206256356056414,-1.2743619873732066,0.10455540000111796,"{""alpha"": 1.452824663751602, ""fit_intercept"": false, ""l1_ratio"": 0.24110519961044852}",
ElasticNet,4,ok,6.567384932099719,4.921189920167532,0.8294808573061335,0.8282944601406728,0.2569143000000622,"{""alpha"": 0.0033205591037519565, ""fit_intercept"": true, ""l1_ratio"": 0.522280788469014}",
ElasticNet,5,ok,36.0507179983053,35.38470494374845,-4.13731974339137,-1.250222746310663,0.12120090000098571,"{""alpha"": 0.11462107403425033, ""fit_intercept"": false, ""l1_ratio"": 0.17554447458683764}",
ElasticNet,6,ok,35.969605849183644,35.36050359567516,-4.115658733594196,-1.2424422012775436,0.16149829999631038,"{""alpha"": 0.019069966103000432, ""fit_intercept"": false, ""l1_ratio"": 0.7566583652537122}",
ElasticNet,7,ok,6.894817255146604,5.290776121020988,0.812290020804548,0.8164251367509081,0.12744089999614516,"{""alpha"": 0.09163741808778776, ""fit_intercept"": true, ""l1_ratio"": 0.09180537144799794}",
ElasticNet,8,ok,6.566494276699336,4.925442971504323,0.8295190840263429,0.8282944807510686,3.114062600005127,"{""alpha"": 0.00021147447960615738, ""fit_intercept"": true, ""l1_ratio"": 0.9039969835279998}",
ElasticNet,9,ok,6.571887402356886,4.928528935337512,0.8292597960601894,0.8281230957027682,0.266794299997855,"{""alpha"": 0.0033347927286375843, ""fit_intercept"": true, ""l1_ratio"": 0.13790490260574548}",
ElasticNet,10,ok,10.747925077302753,8.730442361745606,0.5438099131926607,0.6620336273063543,0.12189890000445303,"{""alpha"": 5.3171966339820935, ""fit_intercept"": true, ""l1_ratio"": 0.4759945893092017}",
ElasticNet,11,ok,6.56660174661815,4.925697261071633,0.8295134768799327,0.8282898443299509,3.133673699994688,"{""alpha"": 0.00010919099367366603, ""fit_intercept"": true, ""l1_ratio"": 0.9410607862766993}",
ElasticNet,12,ok,6.566598905617762,4.92567088840837,0.8295136449226896,0.8282900838472771,3.1195470999955432,"{""alpha"": 0.0001196668883226712, ""fit_intercept"": true, ""l1_ratio"": 0.9371642318896527}",
ElasticNet,13,ok,6.564736779488642,4.921759339754887,0.8296099090849658,0.8283673581542106,0.8960083000056329,"{""alpha"": 0.0014371740298170016, ""fit_intercept"": true, ""l1_ratio"": 0.7793593239134614}",
ElasticNet,14,ok,6.5664525268223555,4.919911184336742,0.8295239405821657,0.8283277769512013,0.3665283000009367,"{""alpha"": 0.003724048108627002, ""fit_intercept"": true, ""l1_ratio"": 0.7216942910152889}",
ElasticNet,15,ok,6.585749660244096,4.943906140321488,0.8285473919866886,0.8276267339856112,0.16741319999709958,"{""alpha"": 0.014428160070068754, ""fit_intercept"": true, ""l1_ratio"": 0.8062280134994444}",
ElasticNet,16,ok,6.564985988821474,4.922378300738979,0.8295974350069946,0.828356599839109,0.9677293999993708,"{""alpha"": 0.0009341110928051628, ""fit_intercept"": true, ""l1_ratio"": 0.6123461203796461}",
ElasticNet,17,ok,6.565006660926526,4.922411775110172,0.8295964485926092,0.828355822867881,0.9189370999956736,"{""alpha"": 0.0008851712126885456, ""fit_intercept"": true, ""l1_ratio"": 0.5729153418682206}",
ElasticNet,18,ok,6.564992249597617,4.922037297434106,0.8295980189325819,0.8283586129586832,0.651735399995232,"{""alpha"": 0.0008743755816552997, ""fit_intercept"": true, ""l1_ratio"": 0.3566549351667786}",
ElasticNet,19,ok,6.565655459253046,4.923972641897424,0.8295624322946124,0.8283276376741923,1.9010370999967563,"{""alpha"": 0.0004409125051246481, ""fit_intercept"": true, ""l1_ratio"": 0.6295155756092675}",
ElasticNet,20,ok,7.208333144696098,5.529418774146309,0.7948167107005093,0.8054073225348235,0.12438800000381889,"{""alpha"": 0.451394758168731, ""fit_intercept"": true, ""l1_ratio"": 0.4252321474947505}",
ElasticNet,21,ok,6.565115498909667,4.921174709652928,0.8295929729784136,0.8283602313970019,0.4873293000055128,"{""alpha"": 0.0012764089202302728, ""fit_intercept"": true, ""l1_ratio"": 0.3585631979557251}",
ElasticNet,22,ok,6.565390892120438,4.920991212175948,0.8295794959536824,0.8283533355764808,0.44268420000298647,"{""alpha"": 0.001428150583737647, ""fit_intercept"": true, ""l1_ratio"": 0.3231016707997022}",
ElasticNet,23,ok,6.566047928229386,4.924748611475099,0.8295421069065135,0.8283116137894598,2.986581199998909,"{""alpha"": 0.0002614067799999977, ""fit_intercept"": true, ""l1_ratio"": 0.6300686761404763}",
ElasticNet,24,ok,6.564618908468063,4.921009097832029,0.8296161399833364,0.8283751302767339,0.6968970999951125,"{""alpha"": 0.0018790525994969909, ""fit_intercept"": true, ""l1_ratio"": 0.7850241593015734}",
ElasticNet,25,ok,6.569936368818185,4.9237901872955305,0.8293492801531557,0.8282042645364956,0.23000409999804106,"{""alpha"": 0.007930281259902494, ""fit_intercept"": true, ""l1_ratio"": 0.8199256785167476}",
ElasticNet,26,ok,35.989820296843796,35.369764986708475,-4.121016328369642,-1.2443872817339507,0.16621200000372482,"{""alpha"": 0.038870027341231184, ""fit_intercept"": false, ""l1_ratio"": 0.8208139362179275}",
ElasticNet,27,ok,6.565191770991506,4.920378501937026,0.8295879416571184,0.8283621426851558,0.45913659999496303,"{""alpha"": 0.0021777254340861044, ""fit_intercept"": true, ""l1_ratio"": 0.6534906283443979}",
ElasticNet,28,ok,6.565767462214771,4.924195929963238,0.8295566673324636,0.8283230650198732,2.2478027999968617,"{""alpha"": 0.00035014319414308987, ""fit_intercept"": true, ""l1_ratio"": 0.5517776338979626}",
ElasticNet,29,ok,6.5801469455836,4.937201060772255,0.8288372866600564,0.8278307057594533,0.1968034000019543,"{""alpha"": 0.011687844119417711, ""fit_intercept"": true, ""l1_ratio"": 0.7685564035378519}",
SVR,0,ok,6.192186482991272,4.325358243672494,0.8481577477470056,0.8425622715594473,0.7022042000025976,"{""C"": 3.14891164795686, ""epsilon"": 0.711447600934342, ""gamma"": 0.08471801418819976}",
SVR,1,ok,7.414663667365073,5.633449715744111,0.7827703266205293,0.7982917726729826,0.7872362000052817,"{""C"": 24.81040974867808, ""epsilon"": 0.0029380279387035343, ""gamma"": 0.0004207053950287938}",
SVR,2,ok,10.826931845340289,8.345786833420778,0.5369112069006537,0.6610211798457049,0.780494999999064,"{""C"": 0.17073967431528117, ""epsilon"": 0.39676050770529875, ""gamma"": 0.02537815508265665}",
SVR,3,ok,8.54743432362703,4.806957429479739,0.7106357126522607,0.7653224923231704,1.4915819999951054,"{""C"": 67.96578090758145, ""epsilon"": 0.00115279871282324, ""gamma"": 0.7579479953348001}",
SVR,4,ok,6.55579972447331,4.9057336913261995,0.830140121825884,0.82874316820235,0.9388661999983015,"{""C"": 213.6832907235874, ""epsilon"": 0.004335281794951566, ""gamma"": 0.000533703276260396}",
SVR,5,ok,7.930989233467787,5.968672347234754,0.7513285810727197,0.7796736084270619,0.7786230999990948,"{""C"": 0.5415244119402537, ""epsilon"": 0.008179499475211672, ""gamma"": 0.012561043700013555}",
SVR,6,ok,5.794575988096362,4.1899534875024305,0.8670859513699771,0.8546209995523234,0.9463166999994428,"{""C"": 5.342937261279771, ""epsilon"": 0.007476312062252299, ""gamma"": 0.0280163515871626}",
SVR,7,ok,12.074149275955602,9.647024580615716,0.4243329892376343,0.60228275914657,0.7447500000052969,"{""C"": 0.3613894271216527, ""epsilon"": 0.007523742884534853, ""gamma"": 0.002920433847181412}",
SVR,8,ok,8.009768935412446,6.1219383236032545,0.746585538817271,0.7762722954206751,0.7087297000034596,"{""C"": 6.6723671704642005, ""epsilon"": 0.22673986523780384, ""gamma"": 0.0006290644294586153}",
SVR,9,ok,9.81247416883492,7.766229490880195,0.6196400744204802,0.7034407448945014,0.7483554999998887,"{""C"": 11.400863701127316, ""epsilon"": 0.05987474910461398, ""gamma"": 0.00015339162591163628}",
SVR,10,ok,5.039495085543877,2.7709987922314774,0.8986782778334786,0.8827783282445747,7.2337183999989065,"{""C"": 603.3178530661228, ""epsilon"": 0.026301587628514228, ""gamma"": 0.1742102398200932}",
SVR,11,ok,5.401390378901487,2.9715953940256767,0.8838972567936898,0.8720998765973774,4.690464999999676,"{""C"": 535.9957765771766, ""epsilon"": 0.035858911516337945, ""gamma"": 0.22645021977081525}",
SVR,12,ok,6.732553024176764,3.7001236088972314,0.8202824647321334,0.830100239165177,2.663684999999532,"{""C"": 855.9494948540588, ""epsilon"": 0.03257319589068271, ""gamma"": 0.3962113912289809}",
SVR,13,ok,5.04553319169175,2.7690050079220616,0.8983433379670942,0.8826038347279408,9.888066400002572,"{""C"": 961.9130620883296, ""epsilon"": 0.07749238761746179, ""gamma"": 0.15720002771107025}",
SVR,14,ok,4.615648643262405,2.8144202352826446,0.9146704024540888,0.8933165493530087,3.205941200001689,"{""C"": 155.9864319752156, ""epsilon"": 0.08969676969593814, ""gamma"": 0.10538222234931285}",
SVR,15,ok,4.632850303528355,2.958168974955,0.9144185452735882,0.8921860067302725,2.6230466999986675,"{""C"": 132.6188235483578, ""epsilon"": 0.1678279009290004, ""gamma"": 0.06462907808569938}",
SVR,16,ok,4.655395562646698,3.0306541872970576,0.913820474962723,0.8912787085618512,1.9980856999973184,"{""C"": 104.42947661683371, ""epsilon"": 0.16091491604194352, ""gamma"": 0.05012410939771102}",
SVR,17,ok,6.106793586794645,4.413228749697736,0.8524781485951991,0.8445679848719115,0.8604197000022396,"{""C"": 57.29891581071088, ""epsilon"": 0.1379609056222113, ""gamma"": 0.003235766254967104}",
SVR,18,ok,5.751788321524613,4.151254604681553,0.8688423370041951,0.8559708083979172,0.8866301000016392,"{""C"": 234.8415093109317, ""epsilon"": 0.9071347496813004, ""gamma"": 0.00428579341648263}",
SVR,19,ok,9.352138626604908,5.472772580941211,0.6536228640584468,0.7330927477530078,1.0579312999980175,"{""C"": 21.69113784036343, ""epsilon"": 0.33777237898953466, ""gamma"": 0.9033713931287112}",
SVR,20,ok,5.270618005167854,3.764053723269756,0.89000869460656,0.8713034978431351,1.3584530000007362,"{""C"": 177.87030897216758, ""epsilon"": 0.017814507690240462, ""gamma"": 0.009827617869739543}",
SVR,21,ok,4.6541929414336725,3.0106124485219263,0.913784292379517,0.8913980558570632,1.699011700002302,"{""C"": 83.87397825038124, ""epsilon"": 0.11606159532098595, ""gamma"": 0.05748011126691946}",
SVR,22,ok,4.733083575545727,2.977741784179741,0.9106276553295327,0.8895226019592295,1.522248799999943,"{""C"": 49.34373253891388, ""epsilon"": 0.08748736980714326, ""gamma"": 0.09470894840002851}",
SVR,23,ok,4.685114588059737,3.024827963672037,0.9125530859894763,0.8905116905278112,4.683788900001673,"{""C"": 329.95575446337915, ""epsilon"": 0.10632211254644507, ""gamma"": 0.044357461667223326}",
SVR,24,ok,5.012602497915667,3.5140162309383394,0.9005600307523766,0.8795252726276452,1.5278890000045067,"{""C"": 115.14651344401027, ""epsilon"": 0.27191287034901984, ""gamma"": 0.01618363255989414}",
SVR,25,ok,6.928142959656725,4.833232111579271,0.8100157693289127,0.8178569220090469,0.9429270000036922,"{""C"": 1.908742134433063, ""epsilon"": 0.05478960234481169, ""gamma"": 0.08102988047840713}",
SVR,26,ok,6.378982189702393,3.8432099972683518,0.8385548467751303,0.8397670358366216,1.0982784999941941,"{""C"": 22.91327504585293, ""epsilon"": 0.523099735020983, ""gamma"": 0.34498785187220843}",
SVR,27,ok,5.9199519597113,4.24862975555733,0.8612630328706157,0.850772002959842,0.9541560999932699,"{""C"": 37.58714217571706, ""epsilon"": 0.1912468691810154, ""gamma"": 0.006373985445676729}",
SVR,28,ok,4.6703944273882785,3.0284297350764393,0.9132573766722236,0.890910520064393,2.4632741999957943,"{""C"": 105.78599352478953, ""epsilon"": 0.01767198037398245, ""gamma"": 0.04927454516793795}",
SVR,29,ok,4.635423896331628,2.7918103359708475,0.9138668273094865,0.8929239214773768,4.028980000002775,"{""C"": 348.92469035849626, ""epsilon"": 0.4839043084799235, ""gamma"": 0.10092271935851173}",
KNeighborsRegressor,0,ok,6.439107790523619,5.008952966344826,0.836091210556335,0.8315934095382727,1.9296623999980511,"{""n_neighbors"": 13, ""p"": 1, ""weights"": ""uniform""}",
KNeighborsRegressor,1,ok,4.542836627320407,2.741690748601074,0.9178423157082343,0.8957072849828935,0.2294679000042379,"{""n_neighbors"": 7, ""p"": 2, ""weights"": ""distance""}",
KNeighborsRegressor,2,ok,5.806634421444204,4.143958172837701,0.8658596631745686,0.8543426469620893,0.1781438000034541,"{""n_neighbors"": 3, ""p"": 1, ""weights"": ""uniform""}",
KNeighborsRegressor,3,ok,4.74584931186723,2.751998268448574,0.9102404414244857,0.8905013978848105,0.2517770000049495,"{""n_neighbors"": 7, ""p"": 1, ""weights"": ""distance""}",
KNeighborsRegressor,4,ok,5.057170741424361,3.2800473549088096,0.8981256632378315,0.8794872496033426,0.22565039999608416,"{""n_neighbors"": 21, ""p"": 2, ""weights"": ""distance""}",
KNeighborsRegressor,5,ok,4.988121619516664,3.2142899729530128,0.9012464829733646,0.8817701286740417,0.2362991999980295,"{""n_neighbors"": 25, ""p"": 1, ""weights"": ""distance""}",
KNeighborsRegressor,6,ok,6.759869306069011,5.2716909875667515,0.8190920271816726,0.8204793880967911,0.22134499999810942,"{""n_neighbors"": 21, ""p"": 2, ""weights"": ""uniform""}",
KNeighborsRegressor,7,ok,7.032744958448407,5.581344867402254,0.8043541235535893,0.810454998165625,0.16259379999974044,"{""n_neighbors"": 27, ""p"": 1, ""weights"": ""uniform""}",
KNeighborsRegressor,8,ok,6.126201398670277,4.402675857972538,0.8510535055754016,0.8439261146892316,0.15137919999688165,"{""n_neighbors"": 5, ""p"": 1, ""weights"": ""uniform""}",
KNeighborsRegressor,9,ok,4.8815545258008735,3.091487132709502,0.9053824841953512,0.88520967439588,0.22499510000488954,"{""n_neighbors"": 21, ""p"": 1, ""weights"": ""distance""}",
KNeighborsRegressor,10,ok,4.641798059111027,2.879280086776783,0.9138658502848621,0.8923394824506905,0.23157760000322014,"{""n_neighbors"": 11, ""p"": 2, ""weights"": ""distance""}",
KNeighborsRegressor,11,ok,4.641798059111027,2.879280086776783,0.9138658502848621,0.8923394824506905,0.22167759999865666,"{""n_neighbors"": 11, ""p"": 2, ""weights"": ""distance""}",
KNeighborsRegressor,12,ok,4.705925324237177,2.957836109950756,0.9114914103053788,0.8902777266563138,0.2313635999962571,"{""n_neighbors"": 13, ""p"": 2, ""weights"": ""distance""}",
KNeighborsRegressor,13,ok,4.5912986977944925,2.7994667471856163,0.9157596245385043,0.8940716778048967,0.2291622999982792,"{""n_neighbors"": 9, ""p"": 2, ""weights"": ""distance""}",
KNeighborsRegressor,14,ok,4.542836627320407,2.741690748601074,0.9178423157082343,0.8957072849828935,0.2235715999995591,"{""n_neighbors"": 7, ""p"": 2, ""weights"": ""distance""}",
KNeighborsRegressor,15,ok,4.890320519043449,3.135590629281883,0.9046093759787588,0.8846047970378217,0.23417809999955352,"{""n_neighbors"": 17, ""p"": 2, ""weights"": ""distance""}",
KNeighborsRegressor,16,ok,4.6938595913034895,2.6838972770996987,0.9118053313606385,0.8920898117005275,0.22468070000468288,"{""n_neighbors"": 3, ""p"": 2, ""weights"": ""distance""}",
KNeighborsRegressor,17,ok,4.890320519043449,3.135590629281883,0.9046093759787588,0.8846047970378217,0.2327011000015773,"{""n_neighbors"": 17, ""p"": 2, ""weights"": ""distance""}",
KNeighborsRegressor,18,ok,4.542836627320407,2.741690748601074,0.9178423157082343,0.8957072849828935,0.2331112000028952,"{""n_neighbors"": 7, ""p"": 2, ""weights"": ""distance""}",
KNeighborsRegressor,19,ok,5.345373877320153,3.5613470478335385,0.886294627993905,0.8702786296220347,0.22985719999996945,"{""n_neighbors"": 31, ""p"": 2, ""weights"": ""distance""}",
KNeighborsRegressor,20,ok,4.8084416176220754,3.0453571629074117,0.9077702304888474,0.8872191460719402,0.22309079999831738,"{""n_neighbors"": 15, ""p"": 2, ""weights"": ""distance""}",
KNeighborsRegressor,21,ok,4.542836627320407,2.741690748601074,0.9178423157082343,0.8957072849828935,0.2293809999973746,"{""n_neighbors"": 7, ""p"": 2, ""weights"": ""distance""}",
KNeighborsRegressor,22,ok,4.542836627320407,2.741690748601074,0.9178423157082343,0.8957072849828935,0.34196910000173375,"{""n_neighbors"": 7, ""p"": 2, ""weights"": ""distance""}",
KNeighborsRegressor,23,ok,4.5912986977944925,2.7994667471856163,0.9157596245385043,0.8940716778048967,0.2302997000006144,"{""n_neighbors"": 9, ""p"": 2, ""weights"": ""distance""}",
KNeighborsRegressor,24,ok,4.512372042325494,2.6775478874534238,0.9186532099842445,0.8967431462068145,0.23196720000123605,"{""n_neighbors"": 5, ""p"": 2, ""weights"": ""distance""}",
KNeighborsRegressor,25,ok,4.6938595913034895,2.6838972770996987,0.9118053313606385,0.8920898117005275,0.21433239999896614,"{""n_neighbors"": 3, ""p"": 2, ""weights"": ""distance""}",
KNeighborsRegressor,26,ok,5.685055161860818,4.258153223784606,0.8714805080100841,0.8571008343499371,0.21639119999599643,"{""n_neighbors"": 5, ""p"": 2, ""weights"": ""uniform""}",
KNeighborsRegressor,27,ok,4.641798059111027,2.879280086776783,0.9138658502848621,0.8923394824506905,0.23534610000206158,"{""n_neighbors"": 11, ""p"": 2, ""weights"": ""distance""}",
KNeighborsRegressor,28,ok,4.512372042325494,2.6775478874534238,0.9186532099842445,0.8967431462068145,0.21529960000043502,"{""n_neighbors"": 5, ""p"": 2, ""weights"": ""distance""}",
KNeighborsRegressor,29,ok,5.685055161860818,4.258153223784606,0.8714805080100841,0.8571008343499371,0.21825080000417074,"{""n_neighbors"": 5, ""p"": 2, ""weights"": ""uniform""}",
RandomForestRegressor,0,ok,5.031029039691708,3.610046132038304,0.8996226040752703,0.8784413288835972,7.401203900000837,"{""max_depth"": null, ""max_features"": 1.0, ""min_samples_leaf"": 5, ""min_samples_split"": 2, ""n_estimators"": 400}",
RandomForestRegressor,1,ok,4.484759307264269,3.1886109757700263,0.920441452752582,0.8947825409719166,13.50288780000119,"{""max_depth"": 18, ""max_features"": ""sqrt"", ""min_samples_leaf"": 2, ""min_samples_split"": 6, ""n_estimators"": 700}",
RandomForestRegressor,2,ok,4.532111610418893,3.2064709580737656,0.9186557116040305,0.8934771812692858,9.572345599997789,"{""max_depth"": null, ""max_features"": 0.5, ""min_samples_leaf"": 1, ""min_samples_split"": 8, ""n_estimators"": 500}",
RandomForestRegressor,3,ok,5.344797354700587,4.016199707525962,0.8871158943750048,0.8679636441513651,8.105867899997975,"{""max_depth"": 6, ""max_features"": ""log2"", ""min_samples_leaf"": 5, ""min_samples_split"": 2, ""n_estimators"": 400}",
RandomForestRegressor,4,ok,5.432923803704021,4.002613080623488,0.8831170857932966,0.8655961662978444,10.015413100001751,"{""max_depth"": 6, ""max_features"": 1.0, ""min_samples_leaf"": 5, ""min_samples_split"": 8, ""n_estimators"": 500}",
RandomForestRegressor,5,ok,5.344797354700587,4.016199707525962,0.8871158943750046,0.8679636441513651,8.40437910000037,"{""max_depth"": 6, ""max_features"": ""log2"", ""min_samples_leaf"": 5, ""min_samples_split"": 3, ""n_estimators"": 400}",
RandomForestRegressor,6,ok,4.321559096219219,3.028239983014587,0.9260245382980896,0.8996682533262794,4.613993899998604,"{""max_depth"": null, ""max_features"": ""sqrt"", ""min_samples_leaf"": 1, ""min_samples_split"": 5, ""n_estimators"": 200}",
RandomForestRegressor,7,ok,4.779001868811948,3.4288712221141493,0.9095715073228327,0.886008790534436,7.8414581999968505,"{""max_depth"": 14, ""max_features"": 0.5, ""min_samples_leaf"": 4, ""min_samples_split"": 3, ""n_estimators"": 400}",
RandomForestRegressor,8,ok,4.580998173476059,3.295512534577109,0.9170363167215632,0.891797945647817,9.899233500000264,"{""max_depth"": 18, ""max_features"": ""sqrt"", ""min_samples_leaf"": 3, ""min_samples_split"": 5, ""n_estimators"": 500}",
RandomForestRegressor,9,ok,4.923614240260285,3.5613632040239684,0.9040451706768013,0.8815601054685978,5.9556019000010565,"{""max_depth"": 14, ""max_features"": 0.5, ""min_samples_leaf"": 5, ""min_samples_split"": 8, ""n_estimators"": 300}",
RandomForestRegressor,10,ok,4.739824385460969,3.479452816979754,0.9111668515057245,0.8867549470326633,4.228747199995269,"{""max_depth"": 10, ""max_features"": ""sqrt"", ""min_samples_leaf"": 1, ""min_samples_split"": 12, ""n_estimators"": 200}",
RandomForestRegressor,11,ok,4.482800706324126,3.1877395627087215,0.9205171138700423,0.8948378228293284,15.091049800001201,"{""max_depth"": 18, ""max_features"": ""sqrt"", ""min_samples_leaf"": 2, ""min_samples_split"": 6, ""n_estimators"": 800}",
RandomForestRegressor,12,ok,4.441481144348307,3.146330007723074,0.9219608869932966,0.8960884271070374,15.033815000002505,"{""max_depth"": 18, ""max_features"": ""sqrt"", ""min_samples_leaf"": 2, ""min_samples_split"": 5, ""n_estimators"": 800}",
RandomForestRegressor,13,ok,4.44174633434977,3.14662425349226,0.921948438824902,0.896079285222108,13.463667999996687,"{""max_depth"": null, ""max_features"": ""sqrt"", ""min_samples_leaf"": 2, ""min_samples_split"": 5, ""n_estimators"": 700}",
RandomForestRegressor,14,ok,4.635192494993951,3.3779382282740813,0.9150598275848626,0.8899739953979644,4.158587899997656,"{""max_depth"": 10, ""max_features"": ""sqrt"", ""min_samples_leaf"": 1, ""min_samples_split"": 10, ""n_estimators"": 200}",
RandomForestRegressor,15,ok,4.579727330392467,3.2889648248552126,0.9170762493971647,0.8918648619018461,13.266801100005978,"{""max_depth"": 18, ""max_features"": ""sqrt"", ""min_samples_leaf"": 3, ""min_samples_split"": 4, ""n_estimators"": 700}",
RandomForestRegressor,16,ok,4.482660000474047,3.1879311240415262,0.9205227262255316,0.8948404115401505,15.365829499998654,"{""max_depth"": null, ""max_features"": ""sqrt"", ""min_samples_leaf"": 2, ""min_samples_split"": 6, ""n_estimators"": 800}",
RandomForestRegressor,17,ok,4.583152098510248,3.291970114530595,0.9169519925758273,0.8917622405472082,11.281584200005454,"{""max_depth"": null, ""max_features"": ""log2"", ""min_samples_leaf"": 3, ""min_samples_split"": 4, ""n_estimators"": 600}",
RandomForestRegressor,18,ok,4.624111847309037,3.2336361923839987,0.9151541970016094,0.8909739718092561,9.967149199997948,"{""max_depth"": 18, ""max_features"": 1.0, ""min_samples_leaf"": 1, ""min_samples_split"": 7, ""n_estimators"": 300}",
RandomForestRegressor,19,ok,4.700550242025639,3.4154821524505414,0.9126256651047644,0.8881086264557845,14.065601200003584,"{""max_depth"": 14, ""max_features"": ""sqrt"", ""min_samples_leaf"": 2, ""min_samples_split"": 10, ""n_estimators"": 600}",
RandomForestRegressor,20,ok,4.806926853304807,3.506092736768589,0.908647825524141,0.8849010765854175,6.11156089999713,"{""max_depth"": 10, ""max_features"": ""sqrt"", ""min_samples_leaf"": 4, ""min_samples_split"": 4, ""n_estimators"": 300}",
RandomForestRegressor,21,ok,4.441746334349771,3.146624253492261,0.921948438824902,0.896079285222108,13.22958149999613,"{""max_depth"": null, ""max_features"": ""sqrt"", ""min_samples_leaf"": 2, ""min_samples_split"": 5, ""n_estimators"": 700}",
RandomForestRegressor,22,ok,4.316545577226792,3.027528003087468,0.9262360351967385,0.8998065290968722,15.558921499999997,"{""max_depth"": null, ""max_features"": ""sqrt"", ""min_samples_leaf"": 1, ""min_samples_split"": 5, ""n_estimators"": 800}",
RandomForestRegressor,23,ok,4.433381913863407,3.160080156138954,0.9222620152242218,0.8962154730103403,15.090853800000332,"{""max_depth"": null, ""max_features"": ""sqrt"", ""min_samples_leaf"": 1, ""min_samples_split"": 7, ""n_estimators"": 800}",
RandomForestRegressor,24,ok,4.437197078258931,3.1664790974624006,0.92214434619377,0.8960901434530618,11.613303300000553,"{""max_depth"": null, ""max_features"": ""sqrt"", ""min_samples_leaf"": 1, ""min_samples_split"": 7, ""n_estimators"": 600}",
RandomForestRegressor,25,ok,4.433381913863408,3.1600801561389553,0.9222620152242218,0.8962154730103403,5.015868199996476,"{""max_depth"": null, ""max_features"": ""sqrt"", ""min_samples_leaf"": 1, ""min_samples_split"": 7, ""n_estimators"": 800}",
RandomForestRegressor,26,ok,4.632756490825613,3.3175670793771275,0.9150445244000416,0.8903448500764735,3.0450020999996923,"{""max_depth"": null, ""max_features"": 0.5, ""min_samples_leaf"": 1, ""min_samples_split"": 10, ""n_estimators"": 600}",
RandomForestRegressor,27,ok,4.695787288473498,3.3232330649719684,0.912526105799682,0.8886671488280984,3.7363819000020158,"{""max_depth"": null, ""max_features"": 1.0, ""min_samples_leaf"": 1, ""min_samples_split"": 9, ""n_estimators"": 700}",
RandomForestRegressor,28,ok,4.365262816529297,3.0882019473311244,0.9246082121353989,0.8982874078863793,3.4382037999966997,"{""max_depth"": null, ""max_features"": ""log2"", ""min_samples_leaf"": 1, ""min_samples_split"": 6, ""n_estimators"": 800}",
RandomForestRegressor,29,ok,4.77203376246358,3.4733726948591603,0.9099562430266342,0.8859712268410388,0.9820317000048817,"{""max_depth"": null, ""max_features"": ""log2"", ""min_samples_leaf"": 4, ""min_samples_split"": 3, ""n_estimators"": 200}",
ExtraTreesRegressor,0,ok,4.7932800940670806,3.44975639556231,0.9090186689974115,0.8855233088838717,1.5237753000037628,"{""max_depth"": null, ""max_features"": 1.0, ""min_samples_leaf"": 5, ""min_samples_split"": 2, ""n_estimators"": 400}",
ExtraTreesRegressor,1,ok,4.461282167924861,3.1658856676335585,0.9212338151094842,0.8954801888628768,2.3842450000011013,"{""max_depth"": 18, ""max_features"": ""sqrt"", ""min_samples_leaf"": 2, ""min_samples_split"": 6, ""n_estimators"": 700}",
ExtraTreesRegressor,2,ok,4.25457633185445,2.929093796087406,0.928288824875915,0.9018536064538887,1.7851117999962298,"{""max_depth"": null, ""max_features"": 0.5, ""min_samples_leaf"": 1, ""min_samples_split"": 8, ""n_estimators"": 500}",
ExtraTreesRegressor,3,ok,6.644286767354414,5.209015214515391,0.825639475819048,0.8244300271610334,1.2673757000011392,"{""max_depth"": 6, ""max_features"": ""log2"", ""min_samples_leaf"": 5, ""min_samples_split"": 2, ""n_estimators"": 400}",
ExtraTreesRegressor,4,ok,5.56983424772188,4.180798939451158,0.877329181751823,0.860919654169133,1.7371098000003258,"{""max_depth"": 6, ""max_features"": 1.0, ""min_samples_leaf"": 5, ""min_samples_split"": 8, ""n_estimators"": 500}",
ExtraTreesRegressor,5,ok,6.644286767354414,5.209015214515391,0.8256394758190482,0.8244300271610334,1.3393295999994734,"{""max_depth"": 6, ""max_features"": ""log2"", ""min_samples_leaf"": 5, ""min_samples_split"": 3, ""n_estimators"": 400}",
ExtraTreesRegressor,6,ok,4.118603474676357,2.759957959469399,0.9327440492842424,0.9060659489249907,0.8110700999968685,"{""max_depth"": null, ""max_features"": ""sqrt"", ""min_samples_leaf"": 1, ""min_samples_split"": 5, ""n_estimators"": 200}",
ExtraTreesRegressor,7,ok,4.7156011824662345,3.390563048436177,0.9120308825500782,0.8878584015500994,1.4722591000027023,"{""max_depth"": 14, ""max_features"": 0.5, ""min_samples_leaf"": 4, ""min_samples_split"": 3, ""n_estimators"": 400}",
ExtraTreesRegressor,8,ok,4.717740308529434,3.4122970759749123,0.9120251149079042,0.8877036832610846,1.6902713000017684,"{""max_depth"": 18, ""max_features"": ""sqrt"", ""min_samples_leaf"": 3, ""min_samples_split"": 5, ""n_estimators"": 500}",
ExtraTreesRegressor,9,ok,4.905328360851914,3.555929965604122,0.9048854977597987,0.8821011433262275,1.1404996999990544,"{""max_depth"": 14, ""max_features"": 0.5, ""min_samples_leaf"": 5, ""min_samples_split"": 8, ""n_estimators"": 300}",
ExtraTreesRegressor,10,ok,5.062952772652997,3.7910703474033896,0.8986803675636509,0.8766851835323742,0.7185850999958348,"{""max_depth"": 10, ""max_features"": ""sqrt"", ""min_samples_leaf"": 1, ""min_samples_split"": 12, ""n_estimators"": 200}",
ExtraTreesRegressor,11,ok,4.402349445990882,3.0983110060852797,0.9232733800300498,0.8973060861312273,2.7137164999949164,"{""max_depth"": null, ""max_features"": 0.5, ""min_samples_leaf"": 1, ""min_samples_split"": 10, ""n_estimators"": 800}",
ExtraTreesRegressor,12,ok,4.252213612325302,2.8694342460667146,0.9282847731963185,0.902222781711477,0.895577699993737,"{""max_depth"": null, ""max_features"": 0.5, ""min_samples_leaf"": 2, ""min_samples_split"": 5, ""n_estimators"": 200}",
ExtraTreesRegressor,13,ok,4.396140127355925,3.098522779455814,0.923530096163286,0.8974695972737001,0.8169923000023118,"{""max_depth"": null, ""max_features"": ""sqrt"", ""min_samples_leaf"": 2, ""min_samples_split"": 5, ""n_estimators"": 200}",
ExtraTreesRegressor,14,ok,4.396140127355924,3.098522779455814,0.9235300961632857,0.8974695972737,0.8157437999980175,"{""max_depth"": null, ""max_features"": ""sqrt"", ""min_samples_leaf"": 2, ""min_samples_split"": 5, ""n_estimators"": 200}",
ExtraTreesRegressor,15,ok,4.64483415323662,3.3427214377840917,0.9146781946421141,0.889922281940438,1.1622506999992765,"{""max_depth"": 10, ""max_features"": 0.5, ""min_samples_leaf"": 3, ""min_samples_split"": 4, ""n_estimators"": 300}",
ExtraTreesRegressor,16,ok,4.555032604463345,3.251938971671623,0.9179419996991054,0.892682507029957,1.0829410000005737,"{""max_depth"": null, ""max_features"": ""log2"", ""min_samples_leaf"": 2, ""min_samples_split"": 7, ""n_estimators"": 300}",
ExtraTreesRegressor,17,ok,4.400684314937785,3.0420258269342857,0.9232275223522022,0.8976338055709997,2.355243899997731,"{""max_depth"": null, ""max_features"": 1.0, ""min_samples_leaf"": 3, ""min_samples_split"": 6, ""n_estimators"": 600}",
ExtraTreesRegressor,18,ok,4.3391920225999865,3.0464993189468137,0.9254590502792869,0.8991464327898573,0.853370899996662,"{""max_depth"": null, ""max_features"": ""sqrt"", ""min_samples_leaf"": 1, ""min_samples_split"": 7, ""n_estimators"": 200}",
ExtraTreesRegressor,19,ok,4.5472906441015954,3.2305937476813904,0.9182007287245678,0.8929900447511967,1.1544498000002932,"{""max_depth"": 14, ""max_features"": 0.5, ""min_samples_leaf"": 2, ""min_samples_split"": 10, ""n_estimators"": 300}",
ExtraTreesRegressor,20,ok,4.709711783827495,3.381621633316519,0.9122528517416624,0.8880586777243369,2.128656499997305,"{""max_depth"": 18, ""max_features"": 0.5, ""min_samples_leaf"": 4, ""min_samples_split"": 4, ""n_estimators"": 600}",
ExtraTreesRegressor,21,ok,4.33008164253553,3.015731020072947,0.9257529849333656,0.8995370899218159,2.388422099997115,"{""max_depth"": null, ""max_features"": 0.5, ""min_samples_leaf"": 1, ""min_samples_split"": 9, ""n_estimators"": 600}",
ExtraTreesRegressor,22,ok,4.1291962940379445,2.7375028419103544,0.9323801946499792,0.9059340440058042,3.080561899994791,"{""max_depth"": null, ""max_features"": 0.5, ""min_samples_leaf"": 1, ""min_samples_split"": 6, ""n_estimators"": 800}",
ExtraTreesRegressor,23,ok,4.1291962940379445,2.737502841910355,0.9323801946499792,0.9059340440058042,3.183077500005311,"{""max_depth"": null, ""max_features"": 0.5, ""min_samples_leaf"": 1, ""min_samples_split"": 6, ""n_estimators"": 800}",
ExtraTreesRegressor,24,ok,4.37189818750809,3.108240030127136,0.9243539841456603,0.8980042327261856,3.0060679000016535,"{""max_depth"": 10, ""max_features"": 0.5, ""min_samples_leaf"": 1, ""min_samples_split"": 6, ""n_estimators"": 800}",
ExtraTreesRegressor,25,ok,4.000541690588506,2.592460005952253,0.9365901370986304,0.9098333443156401,2.6276170999990427,"{""max_depth"": null, ""max_features"": ""sqrt"", ""min_samples_leaf"": 1, ""min_samples_split"": 4, ""n_estimators"": 700}",
ExtraTreesRegressor,26,ok,4.000541690588505,2.592460005952252,0.9365901370986306,0.9098333443156403,2.515128099999856,"{""max_depth"": null, ""max_features"": ""sqrt"", ""min_samples_leaf"": 1, ""min_samples_split"": 4, ""n_estimators"": 700}",
ExtraTreesRegressor,27,ok,4.350693063070217,3.0452279070840307,0.9250626376724982,0.8988722650630973,2.6601063999987673,"{""max_depth"": null, ""max_features"": ""sqrt"", ""min_samples_leaf"": 2, ""min_samples_split"": 3, ""n_estimators"": 700}",
ExtraTreesRegressor,28,ok,4.000541690588505,2.5924600059522525,0.9365901370986304,0.9098333443156402,2.6119015000003856,"{""max_depth"": null, ""max_features"": ""sqrt"", ""min_samples_leaf"": 1, ""min_samples_split"": 4, ""n_estimators"": 700}",
ExtraTreesRegressor,29,ok,5.0438769862877475,3.738159893278136,0.8994984980024515,0.8774989215192008,2.5410272000008263,"{""max_depth"": null, ""max_features"": ""sqrt"", ""min_samples_leaf"": 4, ""min_samples_split"": 2, ""n_estimators"": 700}",
GradientBoostingRegressor,0,ok,3.715184740954156,2.3967868193200728,0.9453132502669691,0.9175856791416939,3.620796399998653,"{""learning_rate"": 0.17254716573280354, ""max_depth"": 4, ""min_samples_leaf"": 2, ""min_samples_split"": 8, ""n_estimators"": 300, ""subsample"": 0.662397808134481}",
GradientBoostingRegressor,1,ok,3.957182090543025,2.7399572859095898,0.9379470720069498,0.9100195547549748,1.7142133999950602,"{""learning_rate"": 0.13394334706750485, ""max_depth"": 4, ""min_samples_leaf"": 1, ""min_samples_split"": 9, ""n_estimators"": 100, ""subsample"": 0.9879639408647978}",
GradientBoostingRegressor,2,ok,4.868263644207222,3.675685703275775,0.9063920956099546,0.8824000663118212,4.38550910000049,"{""learning_rate"": 0.018891200276189388, ""max_depth"": 2, ""min_samples_leaf"": 4, ""min_samples_split"": 4, ""n_estimators"": 550, ""subsample"": 0.8099025726528951}",
GradientBoostingRegressor,3,ok,4.12376142435549,2.982214119583026,0.9326675420373945,0.9047146054008822,3.954305999999633,"{""learning_rate"": 0.023927528765580644, ""max_depth"": 4, ""min_samples_leaf"": 3, ""min_samples_split"": 3, ""n_estimators"": 300, ""subsample"": 0.7465447373174767}",
GradientBoostingRegressor,4,ok,4.1010460323386875,2.966307022239856,0.9332851218707917,0.905310543826473,2.3535859000039636,"{""learning_rate"": 0.10508421338691762, ""max_depth"": 2, ""min_samples_leaf"": 6, ""min_samples_split"": 7, ""n_estimators"": 350, ""subsample"": 0.6185801650879991}",
GradientBoostingRegressor,5,ok,5.317051028834209,4.055308346885436,0.888329976351729,0.868498794507358,3.5112258000008296,"{""learning_rate"": 0.016666983286066417, ""max_depth"": 2, ""min_samples_leaf"": 10, ""min_samples_split"": 12, ""n_estimators"": 400, ""subsample"": 0.9233589392465844}",
GradientBoostingRegressor,6,ok,4.813036631066136,3.638939638147602,0.9084100285606898,0.8839929854273479,3.755347400001483,"{""learning_rate"": 0.013399060561509796, ""max_depth"": 4, ""min_samples_leaf"": 2, ""min_samples_split"": 6, ""n_estimators"": 250, ""subsample"": 0.798070764044508}",
GradientBoostingRegressor,7,ok,4.096937930448213,2.9519332798895035,0.9336292751661563,0.905553006181462,1.0728964000009,"{""learning_rate"": 0.15242391728466367, ""max_depth"": 3, ""min_samples_leaf"": 4, ""min_samples_split"": 9, ""n_estimators"": 100, ""subsample"": 0.8080272084711243}",
GradientBoostingRegressor,8,ok,4.051655000277289,2.833035647090343,0.9350817252219896,0.9072999249644902,7.617705800003023,"{""learning_rate"": 0.017398074711291726, ""max_depth"": 5, ""min_samples_leaf"": 10, ""min_samples_split"": 10, ""n_estimators"": 400, ""subsample"": 0.9579309401710595}",
GradientBoostingRegressor,9,ok,3.9528408954618626,2.80091960001726,0.9382333129938255,0.9098223545315053,3.00835289999668,"{""learning_rate"": 0.15826541904647565, ""max_depth"": 2, ""min_samples_leaf"": 1, ""min_samples_split"": 4, ""n_estimators"": 400, ""subsample"": 0.7301321323053057}",
GradientBoostingRegressor,10,ok,3.574053386456982,2.3026025795171594,0.9493596990349008,0.9213248321175636,7.918877899996005,"{""learning_rate"": 0.05334353369227191, ""max_depth"": 5, ""min_samples_leaf"": 7, ""min_samples_split"": 7, ""n_estimators"": 600, ""subsample"": 0.6154900799844731}",
GradientBoostingRegressor,11,ok,3.597798567128457,2.272548102499359,0.9485620792314313,0.9209199797169204,7.776888599997619,"{""learning_rate"": 0.06485618348127581, ""max_depth"": 5, ""min_samples_leaf"": 7, ""min_samples_split"": 7, ""n_estimators"": 600, ""subsample"": 0.6036909492513651}",
GradientBoostingRegressor,12,ok,3.591616587907571,2.294076755559101,0.9487091496040115,0.92092978987098,7.704491700002109,"{""learning_rate"": 0.06079607708750299, ""max_depth"": 5, ""min_samples_leaf"": 7, ""min_samples_split"": 6, ""n_estimators"": 600, ""subsample"": 0.6016900496982359}",
GradientBoostingRegressor,13,ok,3.6590248756724875,2.3968857118945643,0.9469752158626988,0.9188768416902542,7.1837123000004794,"{""learning_rate"": 0.0449762099234841, ""max_depth"": 5, ""min_samples_leaf"": 8, ""min_samples_split"": 5, ""n_estimators"": 500, ""subsample"": 0.6835301083050506}",
GradientBoostingRegressor,14,ok,3.6249080154876516,2.33380195639221,0.9478555241299942,0.9199791242750143,6.794578000000911,"{""learning_rate"": 0.06683687910237503, ""max_depth"": 5, ""min_samples_leaf"": 8, ""min_samples_split"": 2, ""n_estimators"": 500, ""subsample"": 0.6623135172772743}",
GradientBoostingRegressor,15,ok,3.8903986451477444,2.746428907509249,0.9400741840869076,0.9115642952005956,6.681496500001231,"{""learning_rate"": 0.0346974628141565, ""max_depth"": 3, ""min_samples_leaf"": 6, ""min_samples_split"": 6, ""n_estimators"": 600, ""subsample"": 0.8806914359593965}",
GradientBoostingRegressor,16,ok,3.654339147401685,2.3031860316816966,0.9471132342100187,0.9195137412664482,7.082421400002204,"{""learning_rate"": 0.07750115451406137, ""max_depth"": 5, ""min_samples_leaf"": 8, ""min_samples_split"": 11, ""n_estimators"": 500, ""subsample"": 0.7157541529215599}",
GradientBoostingRegressor,17,ok,3.5936778170992634,2.313323457435652,0.9486992367437832,0.9207889792819075,7.42551739999908,"{""learning_rate"": 0.03817505590975034, ""max_depth"": 5, ""min_samples_leaf"": 5, ""min_samples_split"": 7, ""n_estimators"": 600, ""subsample"": 0.6009735050067748}",
GradientBoostingRegressor,18,ok,3.910536509785363,2.754166418282677,0.9394798733202773,0.9110578900590803,3.8402193000001716,"{""learning_rate"": 0.051368681099440455, ""max_depth"": 3, ""min_samples_leaf"": 9, ""min_samples_split"": 5, ""n_estimators"": 450, ""subsample"": 0.641891259590363}",
GradientBoostingRegressor,19,ok,3.776488269151998,2.5827060854318273,0.9434927436420464,0.9151234767413617,7.1779827999998815,"{""learning_rate"": 0.03188920798271069, ""max_depth"": 4, ""min_samples_leaf"": 7, ""min_samples_split"": 8, ""n_estimators"": 550, ""subsample"": 0.7619825414867494}",
GradientBoostingRegressor,20,ok,3.6270852105331266,2.2480109661696366,0.9478993332006345,0.9204461607754633,8.162835700000869,"{""learning_rate"": 0.09468108056713112, ""max_depth"": 5, ""min_samples_leaf"": 5, ""min_samples_split"": 5, ""n_estimators"": 550, ""subsample"": 0.6974866899952095}",
GradientBoostingRegressor,21,ok,3.6334828347097554,2.396203889795342,0.9476085725457215,0.9194314241371699,7.7510081000000355,"{""learning_rate"": 0.034108430722596415, ""max_depth"": 5, ""min_samples_leaf"": 7, ""min_samples_split"": 7, ""n_estimators"": 600, ""subsample"": 0.6054031603752986}",
GradientBoostingRegressor,22,ok,3.581185051885427,2.2796366210882275,0.9491739416279241,0.9212981231554843,8.289953100000275,"{""learning_rate"": 0.05170531940589557, ""max_depth"": 5, ""min_samples_leaf"": 5, ""min_samples_split"": 6, ""n_estimators"": 600, ""subsample"": 0.639268125859606}",
GradientBoostingRegressor,23,ok,3.646698562451788,2.4504423408354135,0.9472225240809292,0.9188225688778203,6.322806900003343,"{""learning_rate"": 0.050060729288712934, ""max_depth"": 4, ""min_samples_leaf"": 6, ""min_samples_split"": 6, ""n_estimators"": 550, ""subsample"": 0.6438011072027394}",
GradientBoostingRegressor,24,ok,3.8093191932663233,2.586826805208891,0.9424784961316182,0.9143322613277892,2.7630242000013823,"{""learning_rate"": 0.05971034640446901, ""max_depth"": 5, ""min_samples_leaf"": 4, ""min_samples_split"": 8, ""n_estimators"": 200, ""subsample"": 0.6431139409512924}",
GradientBoostingRegressor,25,ok,3.7735080606870475,2.5328831581425755,0.943565030333082,0.9154687060991565,6.591688399996201,"{""learning_rate"": 0.025832802391214434, ""max_depth"": 5, ""min_samples_leaf"": 5, ""min_samples_split"": 4, ""n_estimators"": 450, ""subsample"": 0.6859143291111964}",
GradientBoostingRegressor,26,ok,3.540298050740943,2.3369413782743025,0.9502363016928008,0.9218705476981883,5.552031799998076,"{""learning_rate"": 0.08000951013931565, ""max_depth"": 4, ""min_samples_leaf"": 7, ""min_samples_split"": 6, ""n_estimators"": 500, ""subsample"": 0.6330102652405754}",
GradientBoostingRegressor,27,ok,3.658256998319319,2.4018088641151545,0.947090249383519,0.9188943849117512,6.493810699997994,"{""learning_rate"": 0.08791330744311954, ""max_depth"": 4, ""min_samples_leaf"": 9, ""min_samples_split"": 9, ""n_estimators"": 450, ""subsample"": 0.8850837094938586}",
GradientBoostingRegressor,28,ok,3.6519383397822054,2.4062770864289966,0.9472763095847114,0.9190141983550502,5.148231300001498,"{""learning_rate"": 0.12564302447893325, ""max_depth"": 3, ""min_samples_leaf"": 6, ""min_samples_split"": 5, ""n_estimators"": 500, ""subsample"": 0.7773824218599763}",
GradientBoostingRegressor,29,ok,3.5797535365534836,2.3318596492075785,0.9492832244534497,0.9210561119021785,6.230681699998968,"{""learning_rate"": 0.19848978742652895, ""max_depth"": 4, ""min_samples_leaf"": 9, ""min_samples_split"": 8, ""n_estimators"": 550, ""subsample"": 0.6593234426576993}",
HistGradientBoostingRegressor,0,ok,4.737683934910007,3.5350972212988325,0.9111902743526569,0.8864778622068636,1.820556899998337,"{""l2_regularization"": 0.29154431891537513, ""learning_rate"": 0.030710573677773714, ""max_depth"": null, ""max_leaf_nodes"": 22, ""min_samples_leaf"": 6}",
HistGradientBoostingRegressor,1,ok,4.190627245774475,2.972694064867052,0.9305877732695909,0.90320012547211,1.5825647999954526,"{""l2_regularization"": 0.0005415244119402539, ""learning_rate"": 0.06054365855469246, ""max_depth"": 5, ""max_leaf_nodes"": 25, ""min_samples_leaf"": 9}",
HistGradientBoostingRegressor,2,ok,5.107966396297014,3.873297432902384,0.8967726341981926,0.8750126386371314,1.6965338999943924,"{""l2_regularization"": 0.002920433847181412, ""learning_rate"": 0.024878734419814436, ""max_depth"": 7, ""max_leaf_nodes"": 21, ""min_samples_leaf"": 12}",
HistGradientBoostingRegressor,3,ok,4.560564635844304,3.341591549665245,0.9177893917271174,0.892052140921321,1.5446937999950023,"{""l2_regularization"": 0.00048094619675015767, ""learning_rate"": 0.03920673972242137, ""max_depth"": null, ""max_leaf_nodes"": 17, ""min_samples_leaf"": 20}",
HistGradientBoostingRegressor,4,ok,7.9514584108417825,6.3078716866021285,0.7502699320642131,0.7771507622558359,0.8807544000010239,"{""l2_regularization"": 0.005762487216478602, ""learning_rate"": 0.012151617026673379, ""max_depth"": 3, ""max_leaf_nodes"": 19, ""min_samples_leaf"": 22}",
HistGradientBoostingRegressor,5,ok,6.522157575132644,5.1364496080499,0.8319959246863604,0.8284716916630555,2.2255641000010655,"{""l2_regularization"": 0.012030178871154668, ""learning_rate"": 0.014413697528610409, ""max_depth"": 5, ""max_leaf_nodes"": 47, ""min_samples_leaf"": 13}",
HistGradientBoostingRegressor,6,ok,5.087429651995427,3.8538745090266944,0.8976090642449239,0.8756633248883057,0.8549687000049744,"{""l2_regularization"": 0.48696409415208936, ""learning_rate"": 0.05143828405076928, ""max_depth"": 3, ""max_leaf_nodes"": 58, ""min_samples_leaf"": 20}",
HistGradientBoostingRegressor,7,ok,7.009876593026922,5.53386814507825,0.8059794433820894,0.8115337589147493,2.179172699994524,"{""l2_regularization"": 0.0026730883107816713, ""learning_rate"": 0.01303561122512888, ""max_depth"": 7, ""max_leaf_nodes"": 28, ""min_samples_leaf"": 26}",
HistGradientBoostingRegressor,8,ok,5.452504149910804,4.179996183605281,0.8825324645701162,0.8641421970538999,1.726158099998429,"{""l2_regularization"": 0.0006235377135673159, ""learning_rate"": 0.023200867504756827, ""max_depth"": 5, ""max_leaf_nodes"": 63, ""min_samples_leaf"": 25}",
HistGradientBoostingRegressor,9,ok,7.9955128143400716,6.379244997775748,0.7475346446431367,0.7753048120065944,1.7978937000007136,"{""l2_regularization"": 0.00029072088906598463, ""learning_rate"": 0.010166803740022877, ""max_depth"": null, ""max_leaf_nodes"": 18, ""min_samples_leaf"": 14}",
HistGradientBoostingRegressor,10,ok,3.928263748964755,2.650610996596277,0.9388504894791143,0.9112037123821064,1.6289585000049556,"{""l2_regularization"": 0.04050104259141602, ""learning_rate"": 0.14405863544014447, ""max_depth"": 5, ""max_leaf_nodes"": 36, ""min_samples_leaf"": 5}",
HistGradientBoostingRegressor,11,ok,3.8697190665828365,2.6233583485254615,0.9406345494168503,0.9127196949465308,1.7180178000053274,"{""l2_regularization"": 0.0375708435875315, ""learning_rate"": 0.13570112110615562, ""max_depth"": 5, ""max_leaf_nodes"": 35, ""min_samples_leaf"": 5}",
HistGradientBoostingRegressor,12,ok,3.8699987136839185,2.58627224171194,0.9406772782175352,0.9129380672712628,1.6621405000041705,"{""l2_regularization"": 0.0536875456444768, ""learning_rate"": 0.1612338409091899, ""max_depth"": 5, ""max_leaf_nodes"": 36, ""min_samples_leaf"": 5}",
HistGradientBoostingRegressor,13,ok,3.8809721973263756,2.6153166240844397,0.9403315737349726,0.9125153056258755,1.3848958000016864,"{""l2_regularization"": 0.059927033083025764, ""learning_rate"": 0.179123946559114, ""max_depth"": 5, ""max_leaf_nodes"": 38, ""min_samples_leaf"": 9}",
HistGradientBoostingRegressor,14,ok,3.9433885478398003,2.6971660260240498,0.9384597456577566,0.9106098915940437,1.6990724000061164,"{""l2_regularization"": 0.10762984410973765, ""learning_rate"": 0.10112902531772255, ""max_depth"": 5, ""max_leaf_nodes"": 44, ""min_samples_leaf"": 5}",
HistGradientBoostingRegressor,15,ok,4.21771598706614,3.0377932030031696,0.9295827158963734,0.9021482893999626,1.2242627000014181,"{""l2_regularization"": 0.014620624131325992, ""learning_rate"": 0.09180941832397162, ""max_depth"": 5, ""max_leaf_nodes"": 31, ""min_samples_leaf"": 30}",
HistGradientBoostingRegressor,16,ok,3.908292457051926,2.605575243593109,0.9395540083850029,0.9119512289445001,1.5818982999990112,"{""l2_regularization"": 0.9152500279017267, ""learning_rate"": 0.19961837193620582, ""max_depth"": 5, ""max_leaf_nodes"": 49, ""min_samples_leaf"": 9}",
HistGradientBoostingRegressor,17,ok,4.462638623097037,3.309826547917237,0.9211684337998616,0.8946282813901202,0.930043400003342,"{""l2_regularization"": 0.1297976190457476, ""learning_rate"": 0.10185316217887454, ""max_depth"": 3, ""max_leaf_nodes"": 32, ""min_samples_leaf"": 16}",
HistGradientBoostingRegressor,18,ok,4.027173373137793,2.6875537787379575,0.935817146579414,0.9086881405793575,2.5157792000027257,"{""l2_regularization"": 0.018683879057405907, ""learning_rate"": 0.07143917050579071, ""max_depth"": 7, ""max_leaf_nodes"": 42, ""min_samples_leaf"": 8}",
HistGradientBoostingRegressor,19,ok,3.990572204205223,2.72810612126358,0.9370510363019227,0.9093461323389498,1.332892799997353,"{""l2_regularization"": 0.03645116674004485, ""learning_rate"": 0.1335134560270966, ""max_depth"": 5, ""max_leaf_nodes"": 53, ""min_samples_leaf"": 12}",
HistGradientBoostingRegressor,20,ok,3.990298135868725,2.774548405409542,0.9370059121766989,0.9090741086622505,1.4102731000020867,"{""l2_regularization"": 0.00010446251525877447, ""learning_rate"": 0.13098029207981257, ""max_depth"": 5, ""max_leaf_nodes"": 32, ""min_samples_leaf"": 15}",
HistGradientBoostingRegressor,21,ok,3.8577308322364523,2.5937792295962305,0.940964677620977,0.9131551355544991,1.4098320000048261,"{""l2_regularization"": 0.06738205222037337, ""learning_rate"": 0.16400430214573522, ""max_depth"": 5, ""max_leaf_nodes"": 38, ""min_samples_leaf"": 8}",
HistGradientBoostingRegressor,22,ok,3.9117494273315843,2.6247985199101183,0.9394883158896631,0.9117741051010473,1.546040000001085,"{""l2_regularization"": 0.1462565933472631, ""learning_rate"": 0.1669268755702056, ""max_depth"": 5, ""max_leaf_nodes"": 36, ""min_samples_leaf"": 7}",
HistGradientBoostingRegressor,23,ok,4.133130103580911,2.872305013912853,0.9323503531859789,0.9051080246281435,1.771760900002846,"{""l2_regularization"": 0.03233547957550216, ""learning_rate"": 0.08105493834761791, ""max_depth"": 5, ""max_leaf_nodes"": 40, ""min_samples_leaf"": 10}",
HistGradientBoostingRegressor,24,ok,4.00943091383016,2.700919909766689,0.9361038005784434,0.9089492024382952,1.6487761000025785,"{""l2_regularization"": 0.27335504068514743, ""learning_rate"": 0.129434439560942, ""max_depth"": 5, ""max_leaf_nodes"": 34, ""min_samples_leaf"": 5}",
HistGradientBoostingRegressor,25,ok,4.018397028351059,2.780686044869952,0.9361890820094965,0.9083975539554585,1.499985700000252,"{""l2_regularization"": 0.007058943468475305, ""learning_rate"": 0.10328352738979137, ""max_depth"": 5, ""max_leaf_nodes"": 28, ""min_samples_leaf"": 11}",
HistGradientBoostingRegressor,26,ok,3.9653456522152353,2.471358216943861,0.9376035112497014,0.9113185372099696,3.6602601000049617,"{""l2_regularization"": 0.07895218114648712, ""learning_rate"": 0.15457818436846577, ""max_depth"": null, ""max_leaf_nodes"": 44, ""min_samples_leaf"": 7}",
HistGradientBoostingRegressor,27,ok,3.8500806022061633,2.45029801824613,0.9413159892465799,0.9141791107919081,2.0931180999978096,"{""l2_regularization"": 0.205422682365368, ""learning_rate"": 0.19324541597398429, ""max_depth"": 7, ""max_leaf_nodes"": 39, ""min_samples_leaf"": 7}",
HistGradientBoostingRegressor,28,ok,3.9535949860102555,2.5892341867080093,0.9381805474052696,0.9109917067716781,2.535685299997567,"{""l2_regularization"": 0.22811402083072516, ""learning_rate"": 0.1159883325844431, ""max_depth"": 7, ""max_leaf_nodes"": 50, ""min_samples_leaf"": 7}",
HistGradientBoostingRegressor,29,ok,4.006797117532293,2.683470267009243,0.9364687568536315,0.9091944605078413,1.6721601000026567,"{""l2_regularization"": 0.4863608250639624, ""learning_rate"": 0.19330923469211816, ""max_depth"": 7, ""max_leaf_nodes"": 41, ""min_samples_leaf"": 17}",
XGBRegressor,0,ok,3.6447212191338805,2.200336515358532,0.94725495083685,0.9202730948604835,4.805890699994052,"{""colsample_bytree"": 0.662397808134481, ""learning_rate"": 0.17254716573280354, ""max_depth"": 8, ""min_child_weight"": 6.387926357773329, ""n_estimators"": 400, ""reg_alpha"": 2.231010801867921e-06, ""reg_lambda"": 2.9154431891537547, ""subsample"": 0.6624074561769746}",
XGBRegressor,1,ok,3.702611943664943,2.537415888679932,0.9457616331147127,0.9171033289593986,2.500107300002128,"{""colsample_bytree"": 0.6849356442713105, ""learning_rate"": 0.08341106432362087, ""max_depth"": 3, ""min_child_weight"": 9.72918866945795, ""n_estimators"": 600, ""reg_alpha"": 1.2329623163659841e-05, ""reg_lambda"": 0.00541524411940254, ""subsample"": 0.9329770563201687}",
XGBRegressor,2,ok,3.6935867529576982,2.318233044025279,0.9458192492267813,0.9184862597449073,3.397490099996503,"{""colsample_bytree"": 0.6557975442608167, ""learning_rate"": 0.048164145309070844, ""max_depth"": 6, ""min_child_weight"": 3.6210622617823773, ""n_estimators"": 400, ""reg_alpha"": 5.6606706992588835e-05, ""reg_lambda"": 0.029204338471814112, ""subsample"": 0.8447411578889518}",
XGBRegressor,3,ok,3.6163582377414385,2.3670481866500226,0.9480682328263075,0.9199758719962918,2.7169463000027463,"{""colsample_bytree"": 0.6185801650879991, ""learning_rate"": 0.10508421338691762, ""max_depth"": 4, ""min_child_weight"": 5.628109945722504, ""n_estimators"": 500, ""reg_alpha"": 0.0044184415211997235, ""reg_lambda"": 0.004809461967501573, ""subsample"": 0.836965827544817}",
XGBRegressor,4,ok,3.868835725285673,2.4004460425212764,0.9408432706016656,0.9140540400755186,2.6225178000022424,"{""colsample_bytree"": 0.6390688456025535, ""learning_rate"": 0.17160445029754812, ""max_depth"": 10, ""min_child_weight"": 8.275576133048151, ""n_estimators"": 200, ""reg_alpha"": 0.012746711578215055, ""reg_lambda"": 0.057624872164786026, ""subsample"": 0.7218455076693483}",
XGBRegressor,5,ok,4.430771454334016,3.280542604495758,0.9224030979464487,0.8956141604507135,0.8599780000004102,"{""colsample_bytree"": 0.8650089137415928, ""learning_rate"": 0.04407984038169244, ""max_depth"": 3, ""min_child_weight"": 9.18388361870904, ""n_estimators"": 200, ""reg_alpha"": 7.417652034871826e-05, ""reg_lambda"": 0.12030178871154672, ""subsample"": 0.7035119926400067}",
XGBRegressor,6,ok,3.9728874214916674,2.5932875441482914,0.9375285313168688,0.9105007419600181,7.810505699999339,"{""colsample_bytree"": 0.9579309401710595, ""learning_rate"": 0.017398074711291726, ""max_depth"": 10, ""min_child_weight"": 7.976195410250031, ""n_estimators"": 500, ""reg_alpha"": 0.003867228849117745, ""reg_lambda"": 4.869640941520899, ""subsample"": 0.9757995766256756}",
XGBRegressor,7,ok,5.33467497196871,4.096683535019048,0.8875054078039641,0.8677687929548631,1.046779800002696,"{""colsample_bytree"": 0.7085396127095583, ""learning_rate"": 0.017987863473362915, ""max_depth"": 3, ""min_child_weight"": 3.927972976869379, ""n_estimators"": 200, ""reg_alpha"": 0.09384800715909536, ""reg_lambda"": 0.026730883107816707, ""subsample"": 0.7554709158757928}",
XGBRegressor,8,ok,3.898965279402904,2.7373645724804323,0.9398226586004835,0.9114190584745515,1.7188318999978947,"{""colsample_bytree"": 0.9947547746402069, ""learning_rate"": 0.05082341959721458, ""max_depth"": 4, ""min_child_weight"": 8.219772826786357, ""n_estimators"": 300, ""reg_alpha"": 0.04300001586162608, ""reg_lambda"": 0.0062353771356731605, ""subsample"": 0.6298202574719083}",
XGBRegressor,9,ok,3.825391483536529,2.423073199180886,0.9420711037253063,0.9149081189762303,2.1977066999970702,"{""colsample_bytree"": 0.6296178606936361, ""learning_rate"": 0.11506408247250169, ""max_depth"": 8, ""min_child_weight"": 7.561064512368886, ""n_estimators"": 200, ""reg_alpha"": 0.0001415123591905371, ""reg_lambda"": 0.0029072088906598446, ""subsample"": 0.9085081386743783}",
XGBRegressor,10,ok,3.8739127925436776,2.6339849319601205,0.9406048535164265,0.9125915286327381,5.959518499999831,"{""colsample_bytree"": 0.7707251581533257, ""learning_rate"": 0.010181283131439643, ""max_depth"": 5, ""min_child_weight"": 1.1616568805333802, ""n_estimators"": 800, ""reg_alpha"": 0.5736202516305239, ""reg_lambda"": 0.001115347973270348, ""subsample"": 0.8262452362725613}",
XGBRegressor,11,ok,3.5975529095275527,2.222311894562161,0.9487412432073032,0.9212609875554344,6.715693199999805,"{""colsample_bytree"": 0.7580270214839643, ""learning_rate"": 0.19695712080841282, ""max_depth"": 8, ""min_child_weight"": 6.026722577013612, ""n_estimators"": 600, ""reg_alpha"": 2.552240562438752e-06, ""reg_lambda"": 5.52392157757347, ""subsample"": 0.6098821354452019}",
XGBRegressor,12,ok,3.825183963678948,2.341412468368735,0.9417812715259405,0.9152854095768517,8.0238848999943,"{""colsample_bytree"": 0.8111115572120128, ""learning_rate"": 0.09970213274116334, ""max_depth"": 8, ""min_child_weight"": 5.170486575458113, ""n_estimators"": 700, ""reg_alpha"": 0.000648980000343751, ""reg_lambda"": 0.5636477475093221, ""subsample"": 0.8035772542942069}",
XGBRegressor,13,ok,3.7091873803292565,2.331008832313426,0.9455139906944077,0.9181021867981646,5.100623000005726,"{""colsample_bytree"": 0.7541324308706467, ""learning_rate"": 0.19696624177235073, ""max_depth"": 6, ""min_child_weight"": 5.978491879372858, ""n_estimators"": 600, ""reg_alpha"": 1.0488405949177565e-06, ""reg_lambda"": 0.530935454489832, ""subsample"": 0.8710147433350786}",
XGBRegressor,14,ok,3.6144646902221895,2.24631507048864,0.9481638611124363,0.9207133358359179,6.233984200000123,"{""colsample_bytree"": 0.8578949930991377, ""learning_rate"": 0.0729645087684718, ""max_depth"": 7, ""min_child_weight"": 4.096741374983871, ""n_estimators"": 600, ""reg_alpha"": 0.001260363452274029, ""reg_lambda"": 9.639798532690996, ""subsample"": 0.6052561262871233}",
XGBRegressor,15,ok,3.6454844052364854,2.2287022323563557,0.9471739088087503,0.9200777632397039,8.358697800002119,"{""colsample_bytree"": 0.865948268034011, ""learning_rate"": 0.06695858654657658, ""max_depth"": 7, ""min_child_weight"": 2.7073823985755343, ""n_estimators"": 700, ""reg_alpha"": 0.00041959231005573954, ""reg_lambda"": 7.5349332296701474, ""subsample"": 0.6185797583220249}",
XGBRegressor,16,ok,3.73966051086593,2.3250258387240534,0.9445252835039788,0.9174090088726714,7.82629640000232,"{""colsample_bytree"": 0.8569448224557982, ""learning_rate"": 0.02866422613446341, ""max_depth"": 9, ""min_child_weight"": 4.237179294752945, ""n_estimators"": 600, ""reg_alpha"": 3.9377652637659165e-06, ""reg_lambda"": 1.3892939014590802, ""subsample"": 0.6021169195428967}",
XGBRegressor,17,ok,3.67691368246305,2.245395040890275,0.9462670920597173,0.9192675511903381,9.37729340000078,"{""colsample_bytree"": 0.918035617686469, ""learning_rate"": 0.12239278316410017, ""max_depth"": 7, ""min_child_weight"": 2.3184852259916893, ""n_estimators"": 800, ""reg_alpha"": 1.0546731582734734e-05, ""reg_lambda"": 9.121491182515967, ""subsample"": 0.6737630647747634}",
XGBRegressor,18,ok,3.627291545118754,2.2102312778534037,0.9477988089379001,0.9206265106654294,8.769382499995118,"{""colsample_bytree"": 0.8128042070648709, ""learning_rate"": 0.06880673101622822, ""max_depth"": 9, ""min_child_weight"": 7.011612299940015, ""n_estimators"": 700, ""reg_alpha"": 0.002767813383797283, ""reg_lambda"": 1.534315794519871, ""subsample"": 0.7575155959110148}",
XGBRegressor,19,ok,3.7549065546154465,2.389526429009254,0.9440327541163709,0.9166815638636157,4.192155500000808,"{""colsample_bytree"": 0.73964158693172, ""learning_rate"": 0.033198184067741554, ""max_depth"": 7, ""min_child_weight"": 4.894710500624423, ""n_estimators"": 400, ""reg_alpha"": 2.687453440930502e-05, ""reg_lambda"": 0.2692662444595151, ""subsample"": 0.6472416279403943}",
XGBRegressor,20,ok,3.816321692899854,2.286006156777862,0.9422548318236366,0.915865632977573,9.41329300000507,"{""colsample_bytree"": 0.9149150522101894, ""learning_rate"": 0.1287447599615881, ""max_depth"": 9, ""min_child_weight"": 2.9397782091225646, ""n_estimators"": 600, ""reg_alpha"": 0.00044632114363361505, ""reg_lambda"": 2.816178081790949, ""subsample"": 0.7006950762464963}",
XGBRegressor,21,ok,3.643745639454958,2.2890757887707993,0.9475043307534147,0.91986038980527,3.542963400002918,"{""colsample_bytree"": 0.7101424475454778, ""learning_rate"": 0.1465770266956579, ""max_depth"": 5, ""min_child_weight"": 5.660356488988222, ""n_estimators"": 500, ""reg_alpha"": 0.0027760420086806637, ""reg_lambda"": 0.0156533721972233, ""subsample"": 0.7482509741758722}",
XGBRegressor,22,ok,3.679491595499828,2.3180797779305915,0.946348475184679,0.9188449556788987,3.240885999999591,"{""colsample_bytree"": 0.6107645008405924, ""learning_rate"": 0.08939288912900743, ""max_depth"": 5, ""min_child_weight"": 4.680904779804549, ""n_estimators"": 500, ""reg_alpha"": 0.026167276769508148, ""reg_lambda"": 0.12479113911099764, ""subsample"": 0.8738445964974806}",
XGBRegressor,23,ok,3.6452527351313266,2.2487795604240013,0.9473810333089171,0.9200297536044187,4.849997600002098,"{""colsample_bytree"": 0.7879211768093878, ""learning_rate"": 0.07180329188742703, ""max_depth"": 6, ""min_child_weight"": 6.065477502762825, ""n_estimators"": 600, ""reg_alpha"": 0.006989441220145794, ""reg_lambda"": 1.0606605061671575, ""subsample"": 0.7787094917665793}",
XGBRegressor,24,ok,3.671640495374916,2.378472115505042,0.946315764577203,0.9186048593287925,3.018324099997699,"{""colsample_bytree"": 0.8310365866154781, ""learning_rate"": 0.15036122095755858, ""max_depth"": 4, ""min_child_weight"": 6.605531709832359, ""n_estimators"": 500, ""reg_alpha"": 0.001484327468379707, ""reg_lambda"": 4.079830126312747, ""subsample"": 0.6791798315000882}",
XGBRegressor,25,ok,3.7115865223359528,2.288654075300456,0.9450939360974429,0.9181815541388108,7.757564699997602,"{""colsample_bytree"": 0.900435300392965, ""learning_rate"": 0.10027233022569265, ""max_depth"": 8, ""min_child_weight"": 5.503617018869017, ""n_estimators"": 700, ""reg_alpha"": 0.0001958834167642173, ""reg_lambda"": 0.001023803308499975, ""subsample"": 0.6040520817682394}",
XGBRegressor,26,ok,3.5884452512562204,2.258422190495975,0.9489186296965617,0.9212388380306075,4.563832899999397,"{""colsample_bytree"": 0.7235748170520961, ""learning_rate"": 0.05852282306096114, ""max_depth"": 7, ""min_child_weight"": 7.013025990146367, ""n_estimators"": 500, ""reg_alpha"": 0.16692442527259527, ""reg_lambda"": 0.40837209395337365, ""subsample"": 0.638589145966503}",
XGBRegressor,27,ok,3.7888593671950135,2.473211478613177,0.9430557739811803,0.9154362177820238,3.7260502999997698,"{""colsample_bytree"": 0.7291665208174548, ""learning_rate"": 0.030856567830537245, ""max_depth"": 7, ""min_child_weight"": 7.210502586599704, ""n_estimators"": 400, ""reg_alpha"": 0.4770772720949283, ""reg_lambda"": 0.281303411022945, ""subsample"": 0.6368081022394957}",
XGBRegressor,28,ok,3.7357442476438294,2.36551704328305,0.9446507206664638,0.9172732096108855,3.922045800005435,"{""colsample_bytree"": 0.7811747410750689, ""learning_rate"": 0.055277912442610766, ""max_depth"": 8, ""min_child_weight"": 3.2335853507627657, ""n_estimators"": 300, ""reg_alpha"": 0.1795789570774511, ""reg_lambda"": 1.8434807870337264, ""subsample"": 0.6488115852840809}",
XGBRegressor,29,ok,3.6667268708699035,2.2823533068259385,0.9466557240877733,0.9193192256695734,7.389202099999238,"{""colsample_bytree"": 0.8367899954808569, ""learning_rate"": 0.0382927334164169, ""max_depth"": 9, ""min_child_weight"": 6.459286765369597, ""n_estimators"": 600, ""reg_alpha"": 0.172725447475444, ""reg_lambda"": 3.7851323712655804, ""subsample"": 0.669599286558261}",
LGBMRegressor,0,ok,3.6760697228532804,2.246183778891051,0.9464110666934703,0.9193182069491921,3.779378400002315,"{""colsample_bytree"": 0.662397808134481, ""learning_rate"": 0.17254716573280354, ""min_child_samples"": 26, ""n_estimators"": 400, ""num_leaves"": 97, ""reg_lambda"": 0.0017073967431528124, ""subsample"": 0.6624074561769746}",
LGBMRegressor,1,ok,4.347885833411247,2.6278875790617575,0.9247668416977906,0.9011807686745538,30.569629900004657,"{""colsample_bytree"": 0.9329770563201687, ""learning_rate"": 0.06054365855469246, ""min_child_samples"": 5, ""n_estimators"": 800, ""num_leaves"": 95, ""reg_lambda"": 0.0070689749506246055, ""subsample"": 0.9879639408647978}",
LGBMRegressor,2,ok,4.180649973653819,2.9297427116189416,0.9308292007629204,0.9036560966262567,3.3464941999991424,"{""colsample_bytree"": 0.7164916560792167, ""learning_rate"": 0.017322667470546258, ""min_child_samples"": 23, ""n_estimators"": 300, ""num_leaves"": 49, ""reg_lambda"": 0.2801635158716261, ""subsample"": 0.7727780074568463}",
LGBMRegressor,3,ok,4.204487245893688,2.929692812273856,0.9300727703818007,0.903092801652404,2.2417262999952072,"{""colsample_bytree"": 0.6798695128633439, ""learning_rate"": 0.023993242906812727, ""min_child_samples"": 21, ""n_estimators"": 200, ""num_leaves"": 56, ""reg_lambda"": 0.11400863701127326, ""subsample"": 0.9140703845572055}",
LGBMRegressor,4,ok,4.0004866582734495,2.7072801429044477,0.9367177789912418,0.9092237838299289,10.698628899997857,"{""colsample_bytree"": 0.9795542149013333, ""learning_rate"": 0.011492999300221412, ""min_child_samples"": 11, ""n_estimators"": 600, ""num_leaves"": 83, ""reg_lambda"": 7.2866537374910445, ""subsample"": 0.6260206371941118}",
LGBMRegressor,5,ok,3.758988431547214,2.425739429625109,0.9438708482394247,0.9163707739819573,6.2063687999980175,"{""colsample_bytree"": 0.6488152939379115, ""learning_rate"": 0.0249064396938244, ""min_child_samples"": 29, ""n_estimators"": 700, ""num_leaves"": 26, ""reg_lambda"": 0.09565499215943825, ""subsample"": 0.7760609974958406}",
LGBMRegressor,6,ok,3.754433342508912,2.3603607885948827,0.9438283737798846,0.9167916923920246,1.7829779000021517,"{""colsample_bytree"": 0.8080272084711243, ""learning_rate"": 0.15242391728466367, ""min_child_samples"": 28, ""n_estimators"": 200, ""num_leaves"": 44, ""reg_lambda"": 0.1537592023548176, ""subsample"": 0.7246844304357644}",
LGBMRegressor,7,ok,3.7167860241191115,2.3560556731767512,0.9448861165959098,0.9176650187803405,1.9149047000028077,"{""colsample_bytree"": 0.8391599915244341, ""learning_rate"": 0.18258230439200238, ""min_child_samples"": 38, ""n_estimators"": 300, ""num_leaves"": 102, ""reg_lambda"": 4.869640941520899, ""subsample"": 0.9579309401710595}",
LGBMRegressor,8,ok,4.624389867685643,3.4172106809735587,0.9154237521843769,0.8900138815887599,1.6620834000059403,"{""colsample_bytree"": 0.7085396127095583, ""learning_rate"": 0.017987863473362915, ""min_child_samples"": 16, ""n_estimators"": 200, ""num_leaves"": 20, ""reg_lambda"": 2.0651425578959257, ""subsample"": 0.7554709158757928}",
LGBMRegressor,9,ok,3.7660210060844657,2.4605689657507157,0.9439158178073075,0.9160881901075129,7.738389999998617,"{""colsample_bytree"": 0.6298202574719083, ""learning_rate"": 0.023200867504756827, ""min_child_samples"": 10, ""n_estimators"": 400, ""num_leaves"": 76, ""reg_lambda"": 8.862326508576253, ""subsample"": 0.9208787923016158}",
LGBMRegressor,10,ok,3.7662936141259244,2.349591189136296,0.9435290521458425,0.9165952348238693,3.1250992999994196,"{""colsample_bytree"": 0.7592173368880707, ""learning_rate"": 0.08292797530014898, ""min_child_samples"": 38, ""n_estimators"": 500, ""num_leaves"": 124, ""reg_lambda"": 0.0011496799259680225, ""subsample"": 0.6061470949312417}",
LGBMRegressor,11,ok,3.7213841930721676,2.3440189183010163,0.9447529552538162,0.9176281284182753,2.9145662000009906,"{""colsample_bytree"": 0.8456246233815717, ""learning_rate"": 0.18293416283997194, ""min_child_samples"": 40, ""n_estimators"": 400, ""num_leaves"": 118, ""reg_lambda"": 0.012761225212513085, ""subsample"": 0.8499060943322397}",
LGBMRegressor,12,ok,3.7418335226046993,2.3286742568169148,0.9443252857537363,0.9172977103812369,2.724218800001836,"{""colsample_bytree"": 0.8728803153686678, ""learning_rate"": 0.1053675436308882, ""min_child_samples"": 33, ""n_estimators"": 400, ""num_leaves"": 102, ""reg_lambda"": 1.027144218599468, ""subsample"": 0.6808646076666578}",
LGBMRegressor,13,ok,3.7340117829252337,2.2710441976660354,0.9444315771456374,0.9177656201225481,3.965992500001448,"{""colsample_bytree"": 0.7712489326765921, ""learning_rate"": 0.19817788335403558, ""min_child_samples"": 33, ""n_estimators"": 500, ""num_leaves"": 104, ""reg_lambda"": 0.023506997063237167, ""subsample"": 0.842885425138562}",
LGBMRegressor,14,ok,3.733636225031458,2.3332031565190827,0.9446950529144733,0.9174988246821569,3.3088461000006646,"{""colsample_bytree"": 0.8897528995539591, ""learning_rate"": 0.11489006162514143, ""min_child_samples"": 25, ""n_estimators"": 300, ""num_leaves"": 90, ""reg_lambda"": 0.0015586785888254892, ""subsample"": 0.6835653572089657}",
LGBMRegressor,15,ok,3.925933758195405,2.6302693855666397,0.9387987696213976,0.9113360140569741,2.2451203000018722,"{""colsample_bytree"": 0.8147064631501985, ""learning_rate"": 0.051011518181154215, ""min_child_samples"": 35, ""n_estimators"": 300, ""num_leaves"": 111, ""reg_lambda"": 1.0149711533225458, ""subsample"": 0.9984067957444853}",
LGBMRegressor,16,ok,3.688231728655606,2.2214546094627137,0.9458721727345318,0.9191244753537213,6.64485219999915,"{""colsample_bytree"": 0.601402329355137, ""learning_rate"": 0.07881563835198471, ""min_child_samples"": 18, ""n_estimators"": 500, ""num_leaves"": 66, ""reg_lambda"": 0.004122566640591319, ""subsample"": 0.8358394007383037}",
LGBMRegressor,17,ok,3.661957375487637,2.1940888206592684,0.9466814636720198,0.9198929206920856,8.73690369999531,"{""colsample_bytree"": 0.6018960478612357, ""learning_rate"": 0.0757506134744072, ""min_child_samples"": 16, ""n_estimators"": 600, ""num_leaves"": 66, ""reg_lambda"": 0.0037601083080145018, ""subsample"": 0.8330043528976134}",
LGBMRegressor,18,ok,3.7175939306667205,2.2409656561510114,0.9452428366666972,0.9184107797824808,10.96464620000188,"{""colsample_bytree"": 0.6622036144290527, ""learning_rate"": 0.03686020754716559, ""min_child_samples"": 15, ""n_estimators"": 700, ""num_leaves"": 67, ""reg_lambda"": 0.03307873536960878, ""subsample"": 0.6721524828008189}",
LGBMRegressor,19,ok,3.6519005150140176,2.25293268646766,0.9470374188653696,0.9198093229452966,7.866794699999446,"{""colsample_bytree"": 0.6085252650168325, ""learning_rate"": 0.03702917556373974, ""min_child_samples"": 19, ""n_estimators"": 600, ""num_leaves"": 35, ""reg_lambda"": 0.003046120801028692, ""subsample"": 0.8774846065271912}",
LGBMRegressor,20,ok,3.666951473960183,2.2398546366148513,0.9467246276156015,0.9195768038886942,8.098927699997148,"{""colsample_bytree"": 0.6000831378519934, ""learning_rate"": 0.035076742071567156, ""min_child_samples"": 11, ""n_estimators"": 600, ""num_leaves"": 36, ""reg_lambda"": 0.0031706524575559765, ""subsample"": 0.8880504667709974}",
LGBMRegressor,21,ok,3.641963272778497,2.225550641225098,0.9475010829867214,0.9202434472017826,7.623601299994334,"{""colsample_bytree"": 0.6029273648881732, ""learning_rate"": 0.036417135713697854, ""min_child_samples"": 12, ""n_estimators"": 600, ""num_leaves"": 35, ""reg_lambda"": 0.003980360402477424, ""subsample"": 0.8799401217020374}",
LGBMRegressor,22,ok,3.639440112425164,2.2630362885094977,0.9472641250381486,0.9199962336574655,6.721081999996386,"{""colsample_bytree"": 0.6297255288310378, ""learning_rate"": 0.042767164547479974, ""min_child_samples"": 19, ""n_estimators"": 600, ""num_leaves"": 29, ""reg_lambda"": 0.007531114380970635, ""subsample"": 0.8891133834350203}",
LGBMRegressor,23,ok,3.665335774068049,2.3797978132445508,0.9467318952419272,0.918811249509976,4.097167500003707,"{""colsample_bytree"": 0.7069407651717369, ""learning_rate"": 0.03952484723829907, ""min_child_samples"": 20, ""n_estimators"": 700, ""num_leaves"": 15, ""reg_lambda"": 0.012937206175193419, ""subsample"": 0.8873295746796254}",
LGBMRegressor,24,ok,3.6750424855868915,2.2529262533807355,0.9465938105292542,0.9193494486087443,8.072381500001939,"{""colsample_bytree"": 0.6263533389256348, ""learning_rate"": 0.03136081348279186, ""min_child_samples"": 5, ""n_estimators"": 600, ""num_leaves"": 33, ""reg_lambda"": 0.02896538322540649, ""subsample"": 0.9363897113356939}",
LGBMRegressor,25,ok,3.7420486828055166,2.2269163103636602,0.9444913168319824,0.9179193217122477,10.756947599998966,"{""colsample_bytree"": 0.7489078921711693, ""learning_rate"": 0.050580153839570735, ""min_child_samples"": 14, ""n_estimators"": 800, ""num_leaves"": 35, ""reg_lambda"": 0.0076692175280901696, ""subsample"": 0.8756331021233158}",
LGBMRegressor,26,ok,3.76487037919009,2.2747375456632795,0.9439306904127568,0.9171586818931429,12.906081299996004,"{""colsample_bytree"": 0.6830932296806825, ""learning_rate"": 0.030258505172823653, ""min_child_samples"": 12, ""n_estimators"": 700, ""num_leaves"": 53, ""reg_lambda"": 0.05209924952015051, ""subsample"": 0.9614428058305442}",
LGBMRegressor,27,ok,3.637548849361049,2.2596475572828876,0.9474470953704263,0.9200969778618068,5.8277052999983425,"{""colsample_bytree"": 0.6356278852015971, ""learning_rate"": 0.04788792684718134, ""min_child_samples"": 19, ""n_estimators"": 600, ""num_leaves"": 26, ""reg_lambda"": 0.0025760867280298677, ""subsample"": 0.805010280737632}",
LGBMRegressor,28,ok,3.5987293912637393,2.2235264686025493,0.9486823678442791,0.9212198485452004,4.836595699998725,"{""colsample_bytree"": 0.6355190962925619, ""learning_rate"": 0.055430587583232174, ""min_child_samples"": 8, ""n_estimators"": 500, ""num_leaves"": 25, ""reg_lambda"": 0.007614949256048352, ""subsample"": 0.8108373821965429}",
LGBMRegressor,29,ok,3.619171726690324,2.200879699024928,0.948125598933059,0.9208920497885211,4.749028500002169,"{""colsample_bytree"": 0.6456116041263189, ""learning_rate"": 0.06236747236486724, ""min_child_samples"": 8, ""n_estimators"": 500, ""num_leaves"": 25, ""reg_lambda"": 0.012351916728892277, ""subsample"": 0.8089412711855998}",
CatBoostRegressor,0,ok,3.6386798616001337,2.246185928832162,0.9476669487771694,0.9202230069498272,20.94561700000486,"{""bagging_temperature"": 0.7800932022121826, ""depth"": 9, ""iterations"": 400, ""l2_leaf_reg"": 6.387926357773329, ""learning_rate"": 0.17254716573280354, ""random_strength"": 0.3119890406724053}",
CatBoostRegressor,1,ok,4.00558805054934,2.762590314640956,0.9365102642844562,0.9087770311425578,5.96367150000151,"{""bagging_temperature"": 0.10292247147901223, ""depth"": 8, ""iterations"": 200, ""l2_leaf_reg"": 7.372653200164409, ""learning_rate"": 0.13394334706750485, ""random_strength"": 1.9398197043239886}",
CatBoostRegressor,2,ok,4.302853403427453,3.134813449877001,0.9267671209824595,0.8995531598738361,6.412872400003835,"{""bagging_temperature"": 1.5212112147976886, ""depth"": 5, ""iterations"": 700, ""l2_leaf_reg"": 2.650640588680904, ""learning_rate"": 0.018891200276189388, ""random_strength"": 1.0495128632644757}",
CatBoostRegressor,3,ok,4.018759976353821,2.812901554771238,0.936065343102784,0.908173317872965,14.876924800002598,"{""bagging_temperature"": 1.4607232426760908, ""depth"": 8, ""iterations"": 500, ""l2_leaf_reg"": 2.2554447458683766, ""learning_rate"": 0.023927528765580644, ""random_strength"": 0.7327236865873834}",
CatBoostRegressor,4,ok,3.7432603439471492,2.552120109562744,0.9445801640244621,0.9160917556000834,4.5343521000031615,"{""bagging_temperature"": 2.9620728443102124, ""depth"": 5, ""iterations"": 500, ""l2_leaf_reg"": 5.628109945722504, ""learning_rate"": 0.10508421338691762, ""random_strength"": 0.09290082543999545}",
CatBoostRegressor,5,ok,4.996066714440112,3.7603213222185685,0.9013909462361391,0.878616676229638,4.263908000000811,"{""bagging_temperature"": 4.828160165372797, ""depth"": 4, ""iterations"": 600, ""l2_leaf_reg"": 9.539969835279999, ""learning_rate"": 0.016666983286066417, ""random_strength"": 1.6167946962329223}",
CatBoostRegressor,6,ok,4.808306434057816,3.585254248993629,0.90861546731837,0.8844246944766205,12.007934599998407,"{""bagging_temperature"": 0.6101911742238941, ""depth"": 8, ""iterations"": 400, ""l2_leaf_reg"": 4.961372443656412, ""learning_rate"": 0.013399060561509796, ""random_strength"": 0.9903538202225404}",
CatBoostRegressor,7,ok,4.043125268824733,2.8782383516063326,0.9353467643336162,0.9072445454011089,1.923534399997152,"{""bagging_temperature"": 1.5585553804470549, ""depth"": 5, ""iterations"": 200, ""l2_leaf_reg"": 6.962700559185838, ""learning_rate"": 0.15242391728466367, ""random_strength"": 1.0401360423556216}",
CatBoostRegressor,8,ok,4.5830061838776395,3.3413658950006293,0.9169126817299379,0.8914734663804857,71.5947965000014,"{""bagging_temperature"": 4.697494707820946, ""depth"": 10, ""iterations"": 500, ""l2_leaf_reg"": 7.976195410250031, ""learning_rate"": 0.017398074711291726, ""random_strength"": 1.7896547008552977}",
CatBoostRegressor,9,ok,3.644282819273017,2.426641587109827,0.9474084444097141,0.9190469147058915,4.242638299998362,"{""bagging_temperature"": 0.22613644455269033, ""depth"": 4, ""iterations"": 600, ""l2_leaf_reg"": 2.763845761772307, ""learning_rate"": 0.15826541904647565, ""random_strength"": 0.6506606615265287}",
CatBoostRegressor,10,ok,4.058887998952792,2.7013082089311053,0.9348021866874877,0.9078580548700452,45.3627290000004,"{""bagging_temperature"": 3.2004425123377804, ""depth"": 10, ""iterations"": 300, ""l2_leaf_reg"": 4.414780019047118, ""learning_rate"": 0.05334353369227191, ""random_strength"": 0.07745039992236635}",
CatBoostRegressor,11,ok,3.6100011689932026,2.1441929037577543,0.9482632995407195,0.9213831027185175,15.065505400001712,"{""bagging_temperature"": 0.04785716528254019, ""depth"": 7, ""iterations"": 800, ""l2_leaf_reg"": 1.0700067205048476, ""learning_rate"": 0.07312130982842875, ""random_strength"": 0.49554910104386685}",
CatBoostRegressor,12,ok,3.573894437738864,2.1752821457066394,0.9494206111755984,0.9220645962210479,15.073136699997121,"{""bagging_temperature"": 0.8990601275246617, ""depth"": 7, ""iterations"": 800, ""l2_leaf_reg"": 1.1803811909922903, ""learning_rate"": 0.06827869806792451, ""random_strength"": 0.4006465783635586}",
CatBoostRegressor,13,ok,3.5253881174080157,2.1202026360238326,0.9507081598329681,0.9234470528434818,15.058018299998366,"{""bagging_temperature"": 2.343526094439211, ""depth"": 7, ""iterations"": 800, ""l2_leaf_reg"": 1.1142931691311122, ""learning_rate"": 0.06922749265952521, ""random_strength"": 0.5145488732630822}",
CatBoostRegressor,14,ok,3.6229361571373895,2.3245123307659896,0.9480300162512503,0.9201117979763922,15.113257200006046,"{""bagging_temperature"": 2.197264933564365, ""depth"": 7, ""iterations"": 800, ""l2_leaf_reg"": 1.0899824803994802, ""learning_rate"": 0.03444677227502705, ""random_strength"": 0.41288237935583194}",
CatBoostRegressor,15,ok,3.619264485771447,2.354986352880588,0.9480442564994623,0.91999577338172,8.76637959999789,"{""bagging_temperature"": 3.989974345395084, ""depth"": 6, ""iterations"": 700, ""l2_leaf_reg"": 3.622940660160541, ""learning_rate"": 0.07817249204803865, ""random_strength"": 1.3710092162578689}",
CatBoostRegressor,16,ok,3.727537704165916,2.455147455077822,0.9449515822205543,0.9169730359849297,10.079419300003792,"{""bagging_temperature"": 2.18025630206239, ""depth"": 6, ""iterations"": 800, ""l2_leaf_reg"": 2.1881947149374605, ""learning_rate"": 0.041082906099513025, ""random_strength"": 0.7323738117014522}",
CatBoostRegressor,17,ok,3.642788640281011,2.4023189130639313,0.9473841925072588,0.9191981422267654,8.999998699997377,"{""bagging_temperature"": 2.8978302473303232, ""depth"": 6, ""iterations"": 700, ""l2_leaf_reg"": 3.8728746503211036, ""learning_rate"": 0.06592511809065214, ""random_strength"": 0.2775799582618516}",
CatBoostRegressor,18,ok,3.7700425403680304,2.1948959143036317,0.9438034911247104,0.9174985102253352,31.52141909999773,"{""bagging_temperature"": 3.6124162993941775, ""depth"": 9, ""iterations"": 600, ""l2_leaf_reg"": 1.4377238993089418, ""learning_rate"": 0.10378980686264029, ""random_strength"": 0.5549816444519282}",
CatBoostRegressor,19,ok,3.8405239138693164,2.6255236475519035,0.9416460438329102,0.913423227015819,14.90840880000178,"{""bagging_temperature"": 0.8518440409920878, ""depth"": 7, ""iterations"": 800, ""l2_leaf_reg"": 3.5132254146874446, ""learning_rate"": 0.02826583625645979, ""random_strength"": 1.2597835595704066}",
CatBoostRegressor,20,ok,3.6014245166978887,2.314977981161738,0.94858387737261,0.9206356202308101,13.117416400004004,"{""bagging_temperature"": 2.092223251213597, ""depth"": 7, ""iterations"": 700, ""l2_leaf_reg"": 1.880783639260772, ""learning_rate"": 0.05226830529372536, ""random_strength"": 0.8609041658072216}",
CatBoostRegressor,21,ok,3.608675479761338,2.2972038512413673,0.9483184882418376,0.9205540077908448,13.143897100002505,"{""bagging_temperature"": 2.361220384264392, ""depth"": 7, ""iterations"": 700, ""l2_leaf_reg"": 1.956179753989567, ""learning_rate"": 0.0551295382254845, ""random_strength"": 0.8230649425739058}",
CatBoostRegressor,22,ok,3.697959935176668,2.275196690274537,0.9458542447890979,0.9186781136715347,23.87965930000064,"{""bagging_temperature"": 1.7807890475419792, ""depth"": 8, ""iterations"": 800, ""l2_leaf_reg"": 1.7011233393289744, ""learning_rate"": 0.04394533600620836, ""random_strength"": 0.2635302337617079}",
CatBoostRegressor,23,ok,3.5910004413998506,2.3081327268035317,0.9488783513545007,0.9209098485111091,8.848164600000018,"{""bagging_temperature"": 0.9991690796757094, ""depth"": 6, ""iterations"": 700, ""l2_leaf_reg"": 3.125195840651858, ""learning_rate"": 0.08917923208393283, ""random_strength"": 0.9423422403300576}",
CatBoostRegressor,24,ok,3.5455964293504545,2.245374219556541,0.9502455185667886,0.9223157570009932,10.227859800004808,"{""bagging_temperature"": 1.1446060928449395, ""depth"": 6, ""iterations"": 800, ""l2_leaf_reg"": 2.8376468772435604, ""learning_rate"": 0.09580250819694584, ""random_strength"": 1.2744186802953301}",
CatBoostRegressor,25,ok,3.49368829984532,2.1021629867845215,0.9515751103848384,0.9242567342419805,9.922015800002555,"{""bagging_temperature"": 1.2704581763191423, ""depth"": 6, ""iterations"": 800, ""l2_leaf_reg"": 1.0409186543988211, ""learning_rate"": 0.11714329483050778, ""random_strength"": 1.399759534503985}",
CatBoostRegressor,26,ok,3.695659380865319,2.368415556855368,0.9459796906818616,0.9182216350266788,5.5010351999953855,"{""bagging_temperature"": 1.2240266078953022, ""depth"": 5, ""iterations"": 600, ""l2_leaf_reg"": 2.755212923212113, ""learning_rate"": 0.1144725498679332, ""random_strength"": 1.3973004500579338}",
CatBoostRegressor,27,ok,3.5861428338489816,2.1867780811931303,0.9489553061019043,0.9216870820377163,10.211648500000592,"{""bagging_temperature"": 2.6516284584866163, ""depth"": 6, ""iterations"": 800, ""l2_leaf_reg"": 4.182735544892932, ""learning_rate"": 0.1882097348986721, ""random_strength"": 1.2045731462636424}",
CatBoostRegressor,28,ok,3.5431828002889283,2.222761412052994,0.950250924913975,0.9224792079522487,8.818137000002025,"{""bagging_temperature"": 1.7944463479662964, ""depth"": 6, ""iterations"": 700, ""l2_leaf_reg"": 3.1710444588432276, ""learning_rate"": 0.12693396097300289, ""random_strength"": 1.5616067810098375}",
CatBoostRegressor,29,ok,3.7826196711830002,2.275776034735275,0.9432615315464741,0.9167013989602603,20.743738099998154,"{""bagging_temperature"": 1.8129463031825983, ""depth"": 9, ""iterations"": 400, ""l2_leaf_reg"": 5.361246773676724, ""learning_rate"": 0.19848978742652895, ""random_strength"": 1.5894235926942706}",
